--
-- Dumping data for table `used_layer`
--

INSERT INTO `used_layer` (`Stelle_ID`, `Layer_ID`, `queryable`, `drawingorder`, `minscale`, `maxscale`, `offsite`, `transparency`, `postlabelcache`, `Filter`, `template`, `header`, `footer`, `symbolscale`, `requires`, `logconsume`, `privileg`, `export_privileg`, `start_aktiv`, `use_geom`) VALUES
(1, 1, '0', 0, 0, 0, '', NULL, '0', NULL, '', NULL, NULL, NULL, NULL, '0', '0', 1, '0', 1),
(0, 2, '1', 100, 0, 0, '', NULL, '0', '', '', NULL, NULL, 0, NULL, '0', '0', 1, '0', 1),
(1, 2, '1', 100, 0, 0, '', NULL, '0', '', '', '', '', 0, NULL, '0', '2', 1, '0', 1),
(0, 3, '1', 100, 0, 0, '', NULL, '0', '', '', NULL, NULL, 0, NULL, '0', '0', 1, '0', 1),
(1, 3, '1', 100, -1, 0, '', NULL, '0', '', '', '', '', 0, NULL, '0', '2', 1, '0', 1),
(0, 4, '1', 100, 0, 0, '', NULL, '0', '', '', NULL, NULL, 0, NULL, '0', '0', 1, '0', 1),
(0, 5, '1', 100, 0, 0, '', NULL, '0', '', '', NULL, NULL, 0, NULL, '0', '0', 1, '0', 1),
(1, 43, '1', 100, -1, 0, '', NULL, '0', '', '', '', '', 0, NULL, '0', '2', 1, '0', 1),
(0, 6, '1', 100, 0, 0, '', NULL, '0', '', '', NULL, NULL, 0, NULL, '0', '0', 1, '0', 1),
(1, 6, '1', 100, -1, 0, '', NULL, '0', '', '', '', '', 0, NULL, '0', '2', 1, '0', 1),
(0, 7, '0', 0, 0, 0, '', NULL, '0', '', '', NULL, NULL, 0, NULL, '0', '0', 1, '0', 1),
(4, 1, '0', 0, 0, 0, '', NULL, '0', NULL, '', NULL, NULL, 0, NULL, '0', '0', 1, '0', 1),
(2, 1, '1', 0, 0, 0, '', NULL, '0', '', '', '', '', 0, NULL, '0', '0', 1, '0', 1),
(1, 9, '1', 0, -1, 0, '', NULL, '0', '', '', '', '', 0, NULL, '0', '2', 1, '0', 1),
(1, 10, '1', 100, -1, 0, '', NULL, '0', '', '', '', '', 0, NULL, '0', '2', 1, '0', 1),
(2, 2, '1', 100, 0, 0, '', NULL, '0', '', '', NULL, NULL, 0, NULL, '0', '2', 1, '0', 1),
(1, 11, '1', 100, -1, 0, '', NULL, '0', '', '', '', '', 0, NULL, '0', '2', 1, '0', 1),
(1, 12, '1', 100, -1, 0, '', NULL, '0', '', '', '', '', 0, NULL, '0', '2', 1, '0', 1),
(1, 13, '1', 100, -1, 0, '', NULL, '0', '', '', '', '', 0, NULL, '0', '2', 1, '0', 1),
(1, 14, '1', 0, -1, 0, '', NULL, '0', '', '', '', '', 0, NULL, '0', '2', 1, '0', 1),
(0, 49, '1', 100, 0, 0, '', NULL, '0', '', '', NULL, NULL, 0, NULL, '0', '0', 1, '0', 1),
(1, 16, '1', 100, -1, 0, '', NULL, '0', '', '', '', '', 0, NULL, '0', '2', 1, '0', 1),
(0, 43, '1', 100, 0, 0, '', NULL, '0', '', '', NULL, NULL, 0, NULL, '0', '0', 1, '0', 1),
(1, 17, '1', 100, -1, 0, '', NULL, '0', '', '', '', '', 0, NULL, '0', '2', 1, '0', 1),
(1, 49, '1', 100, -1, 0, '', NULL, '0', '', '', '', '', 0, NULL, '0', '2', 1, '0', 1),
(4, 13, '1', 100, -1, 0, '', NULL, '0', '', '', '', '', 0, NULL, '0', '2', 1, '0', 1),
(1, 20, '1', 100, -1, 0, '', NULL, '0', '', '', '', '', 0, NULL, '0', '2', 1, '0', 1),
(1, 48, '1', 0, -1, 0, '', NULL, '0', '', '', '', '', 0, NULL, '0', '2', 1, '0', 1),
(2, 13, '1', 100, -1, 0, '', NULL, '0', '', '', '', '', 0, NULL, '0', '2', 1, '0', 1),
(1, 24, '1', 100, -1, 0, '', NULL, '0', '', '', '', '', 0, NULL, '0', '2', 1, '0', 1),
(1, 25, '1', 100, -1, 0, '', NULL, '0', '', '', '', '', 0, NULL, '0', '2', 1, '0', 1),
(1, 26, '1', 100, -1, 0, '', NULL, '0', '', '', '', '', 0, NULL, '0', '2', 1, '0', 1),
(1, 31, '1', 100, -1, 0, '', NULL, '0', '', '', '', '', 0, NULL, '0', '2', 1, '0', 1),
(0, 32, '1', 100, 0, 0, '', NULL, '0', '', '', NULL, NULL, 0, NULL, '0', '0', 1, '0', 1),
(2, 50, '1', 100, -1, 0, '', NULL, '0', '', '', '', '', 0, NULL, '0', '2', 1, '0', 1),
(1, 30, '1', 100, -1, 0, '', NULL, '0', '', '', '', '', 0, NULL, '0', '2', 1, '0', 1),
(1, 32, '1', 100, -1, 0, '', NULL, '0', '', '', '', '', 0, NULL, '0', '2', 1, '0', 1),
(0, 33, '1', 100, 0, 0, '', NULL, '0', '', '', NULL, NULL, 0, NULL, '0', '0', 1, '0', 1),
(1, 33, '1', 100, -1, 0, '', NULL, '0', '', '', '', '', 0, NULL, '0', '2', 1, '0', 1),
(0, 34, '1', 100, 0, 0, '', NULL, '0', '', '', NULL, NULL, 0, NULL, '0', '0', 1, '0', 1),
(1, 34, '1', 100, -1, 0, '', NULL, '0', '', '', '', '', 0, NULL, '0', '0', 1, '0', 1),
(1, 36, '1', 100, -1, 0, '', NULL, '0', '', '', '', '', 0, NULL, '0', '2', 1, '0', 1),
(1, 37, '1', 100, -1, 0, '', NULL, '0', '', '', '', '', 0, NULL, '0', '2', 1, '0', 1),
(1, 38, '1', 100, 0, 0, '', NULL, '0', '', '', NULL, NULL, 0, NULL, '0', '2', 1, '0', 1),
(1, 39, '1', 0, -1, 0, '', NULL, '0', '', '', '', '', 0, NULL, '0', '2', 1, '0', 1),
(1, 40, '1', 0, -1, 0, '', NULL, '0', '', '', '', '', 0, NULL, '0', '2', 1, '0', 1),
(1, 41, '1', 0, -1, 0, '', NULL, '0', '', '', '', '', 0, NULL, '0', '2', 1, '0', 1),
(1, 42, '1', 100, -1, 0, '', NULL, '0', '', '', '', '', 0, NULL, '0', '2', 1, '0', 1),
(2, 33, '1', 100, -1, 0, '', NULL, '0', '', '', '', '', 0, NULL, '0', '2', 1, '0', 1),
(2, 9, '1', 0, -1, 0, '', NULL, '0', '', '', '', '', 0, NULL, '0', '2', 1, '0', 1),
(2, 43, '1', 100, -1, 0, '', NULL, '0', '', '', '', '', 0, NULL, '0', '2', 1, '0', 1),
(2, 38, '1', 100, 0, 0, '', NULL, '0', '', '', NULL, NULL, 0, NULL, '0', '2', 1, '0', 1),
(2, 25, '1', 100, -1, 0, '', NULL, '0', '', '', '', '', 0, NULL, '0', '2', 1, '0', 1),
(2, 3, '1', 100, -1, 0, '', NULL, '0', '', '', '', '', 0, NULL, '0', '2', 1, '0', 1),
(2, 12, '1', 100, -1, 0, '', NULL, '0', '', '', '', '', 0, NULL, '0', '2', 1, '0', 1),
(4, 12, '1', 100, -1, 0, '', NULL, '0', '', '', '', '', 0, NULL, '0', '2', 1, '0', 1),
(2, 23, '1', 100, 0, 0, '', NULL, '0', '', '', NULL, NULL, 0, NULL, '0', '2', 1, '0', 1),
(4, 23, '1', 100, 0, 0, '', NULL, '0', '', '', NULL, NULL, 0, NULL, '0', '2', 1, '0', 1),
(4, 2, '1', 100, 0, 0, '', NULL, '0', '', '', NULL, NULL, 0, NULL, '0', '2', 1, '0', 1),
(4, 3, '1', 100, -1, 0, '', NULL, '0', '', '', '', '', 0, NULL, '0', '2', 1, '0', 1),
(2, 41, '1', 0, -1, 0, '', NULL, '0', '', '', '', '', 0, NULL, '0', '2', 1, '0', 1),
(4, 41, '1', 0, -1, 0, '', NULL, '0', '', '', '', '', 0, NULL, '0', '2', 1, '0', 1),
(2, 17, '1', 100, -1, 0, '', NULL, '0', '', '', '', '', 0, NULL, '0', '2', 1, '0', 1),
(4, 17, '1', 100, -1, 0, '', NULL, '0', '', '', '', '', 0, NULL, '0', '2', 1, '0', 1),
(2, 39, '1', 0, -1, 0, '', NULL, '0', '', '', '', '', 0, NULL, '0', '2', 1, '0', 1),
(4, 39, '1', 0, -1, 0, '', NULL, '0', '', '', '', '', 0, NULL, '0', '2', 1, '0', 1),
(2, 24, '1', 100, -1, 0, '', NULL, '0', '', '', '', '', 0, NULL, '0', '2', 1, '0', 1),
(4, 24, '1', 100, -1, 0, '', NULL, '0', '', '', '', '', 0, NULL, '0', '2', 1, '0', 1),
(4, 33, '1', 100, -1, 0, '', NULL, '0', '', '', '', '', 0, NULL, '0', '2', 1, '0', 1),
(2, 34, '1', 100, -1, 0, '', NULL, '0', '', '', '', '', 0, NULL, '0', '2', 1, '0', 1),
(4, 34, '1', 100, -1, 0, '', NULL, '0', '', '', '', '', 0, NULL, '0', '2', 1, '0', 1),
(4, 38, '1', 100, 0, 0, '', NULL, '0', '', '', NULL, NULL, 0, NULL, '0', '2', 1, '0', 1),
(2, 37, '1', 100, -1, 0, '', NULL, '0', '', '', '', '', 0, NULL, '0', '2', 1, '0', 1),
(4, 37, '1', 100, -1, 0, '', NULL, '0', '', '', '', '', 0, NULL, '0', '2', 1, '0', 1),
(2, 36, '1', 100, -1, 0, '', NULL, '0', '', '', '', '', 0, NULL, '0', '2', 1, '0', 1),
(4, 36, '1', 100, -1, 0, '', NULL, '0', '', '', '', '', 0, NULL, '0', '2', 1, '0', 1),
(2, 16, '1', 100, -1, 0, '', NULL, '0', '', '', '', '', 0, NULL, '0', '2', 1, '0', 1),
(4, 16, '1', 100, -1, 0, '', NULL, '0', '', '', '', '', 0, NULL, '0', '2', 1, '0', 1),
(2, 6, '1', 100, -1, 0, '', NULL, '0', '', '', '', '', 0, NULL, '0', '2', 1, '0', 1),
(4, 6, '1', 100, -1, 0, '', NULL, '0', '', '', '', '', 0, NULL, '0', '2', 1, '0', 1),
(2, 42, '1', 100, -1, 0, '', NULL, '0', '', '', '', '', 0, NULL, '0', '2', 1, '0', 1),
(4, 42, '1', 100, -1, 0, '', NULL, '0', '', '', '', '', 0, NULL, '0', '2', 1, '0', 1),
(4, 40, '1', 0, -1, 0, '', NULL, '0', '', '', '', '', 0, NULL, '0', '2', 1, '0', 1),
(2, 40, '1', 0, -1, 0, '', NULL, '0', '', '', '', '', 0, NULL, '0', '2', 1, '0', 1),
(2, 30, '1', 100, -1, 0, '', NULL, '0', '', '', '', '', 0, NULL, '0', '2', 1, '0', 1),
(4, 30, '1', 100, -1, 0, '', NULL, '0', '', '', '', '', 0, NULL, '0', '2', 1, '0', 1),
(4, 9, '1', 0, -1, 0, '', NULL, '0', '', '', '', '', 0, NULL, '0', '2', 1, '0', 1),
(2, 10, '1', 100, -1, 0, '', NULL, '0', '', '', '', '', 0, NULL, '0', '2', 1, '0', 1),
(4, 10, '1', 100, -1, 0, '', NULL, '0', '', '', '', '', 0, NULL, '0', '2', 1, '0', 1),
(2, 11, '1', 100, -1, 0, '', NULL, '0', '', '', '', '', 0, NULL, '0', '2', 1, '0', 1),
(4, 11, '1', 100, -1, 0, '', NULL, '0', '', '', '', '', 0, NULL, '0', '2', 1, '0', 1),
(2, 35, '1', 100, 0, 0, '', NULL, '0', '', '', NULL, NULL, 0, NULL, '0', '2', 1, '0', 1),
(4, 35, '1', 100, 0, 0, '', NULL, '0', '', '', NULL, NULL, 0, NULL, '0', '2', 1, '0', 1),
(4, 43, '1', 100, -1, 0, '', NULL, '0', '', '', '', '', 0, NULL, '0', '2', 1, '0', 1),
(2, 52, '1', 100, -1, 0, '', NULL, '0', '', '', '', '', 0, NULL, '0', '2', 1, '0', 1),
(2, 21, '1', 100, 0, 0, '', NULL, '0', '', '', NULL, NULL, 0, NULL, '0', '2', 1, '0', 1),
(4, 21, '1', 100, 0, 0, '', NULL, '0', '', '', NULL, NULL, 0, NULL, '0', '2', 1, '0', 1),
(2, 18, '1', 100, 0, 0, '', NULL, '0', '', '', NULL, NULL, 0, NULL, '0', '2', 1, '0', 1),
(4, 18, '1', 100, 0, 0, '', NULL, '0', '', '', NULL, NULL, 0, NULL, '0', '2', 1, '0', 1),
(2, 26, '1', 100, -1, 0, '', NULL, '0', '', '', '', '', 0, NULL, '0', '2', 1, '0', 1),
(4, 26, '1', 100, -1, 0, '', NULL, '0', '', '', '', '', 0, NULL, '0', '2', 1, '0', 1),
(2, 29, '1', 100, 0, 0, '', NULL, '0', '', '', NULL, NULL, 0, NULL, '0', '2', 1, '0', 1),
(4, 29, '1', 100, 0, 0, '', NULL, '0', '', '', NULL, NULL, 0, NULL, '0', '2', 1, '0', 1),
(2, 19, '1', 100, 0, 0, '', NULL, '0', '', '', NULL, NULL, 0, NULL, '0', '2', 1, '0', 1),
(4, 19, '1', 100, 0, 0, '', NULL, '0', '', '', NULL, NULL, 0, NULL, '0', '2', 1, '0', 1),
(2, 31, '1', 100, -1, 0, '', NULL, '0', '', '', '', '', 0, NULL, '0', '2', 1, '0', 1),
(4, 31, '1', 100, -1, 0, '', NULL, '0', '', '', '', '', 0, NULL, '0', '2', 1, '0', 1),
(2, 22, '1', 100, 0, 0, '', NULL, '0', '', '', NULL, NULL, 0, NULL, '0', '2', 1, '0', 1),
(4, 22, '1', 100, 0, 0, '', NULL, '0', '', '', NULL, NULL, 0, NULL, '0', '2', 1, '0', 1),
(2, 32, '1', 100, -1, 0, '', NULL, '0', '', '', '', '', 0, NULL, '0', '2', 1, '0', 1),
(4, 32, '1', 100, -1, 0, '', NULL, '0', '', '', '', '', 0, NULL, '0', '2', 1, '0', 1),
(2, 20, '1', 100, -1, 0, '', NULL, '0', '', '', '', '', 0, NULL, '0', '2', 1, '0', 1),
(4, 20, '1', 100, -1, 0, '', NULL, '0', '', '', '', '', 0, NULL, '0', '2', 1, '0', 1),
(2, 14, '1', 0, -1, 0, '', NULL, '0', '', '', '', '', 0, NULL, '0', '2', 1, '0', 1),
(4, 14, '1', 0, -1, 0, '', NULL, '0', '', '', '', '', 0, NULL, '0', '2', 1, '0', 1),
(2, 15, '1', 0, 0, 0, '', NULL, '0', '', '', NULL, NULL, 0, NULL, '0', '2', 1, '0', 1),
(4, 15, '1', 0, 0, 0, '', NULL, '0', '', '', NULL, NULL, 0, NULL, '0', '2', 1, '0', 1),
(0, 44, '1', 100, 0, 0, '', NULL, '0', '', '', NULL, NULL, 0, NULL, '0', '0', 1, '0', 1),
(1, 46, '1', 100, -1, 0, '', NULL, '0', '', '', '', '', 0, NULL, '0', '2', 1, '0', 1),
(2, 44, '1', 100, -1, 0, '', NULL, '0', '', '', '', '', 0, NULL, '0', '2', 1, '0', 1),
(4, 44, '1', 100, -1, 0, '', NULL, '0', '', '', '', '', 0, NULL, '0', '2', 1, '0', 1),
(1, 44, '1', 100, -1, 0, '', NULL, '0', '', '', '', '', 0, NULL, '0', '2', 1, '0', 1),
(2, 45, '1', 100, -1, 0, '', NULL, '0', '', '', '', '', 0, NULL, '0', '2', 1, '0', 1),
(4, 45, '1', 100, -1, 0, '', NULL, '0', '', '', '', '', 0, NULL, '0', '2', 1, '0', 1),
(1, 45, '1', 100, -1, 0, '', NULL, '0', '', '', '', '', 0, NULL, '0', '2', 1, '0', 1),
(2, 46, '1', 100, -1, 0, '', NULL, '0', '', '', '', '', 0, NULL, '0', '2', 1, '0', 1),
(4, 46, '1', 100, -1, 0, '', NULL, '0', '', '', '', '', 0, NULL, '0', '2', 1, '0', 1),
(0, 47, '1', 100, -1, 0, '', NULL, '0', '', '', NULL, NULL, 0, NULL, '0', '0', 1, '0', 1),
(1, 47, '1', 100, -1, 0, '', NULL, '0', '', '', '', '', 0, NULL, '0', '2', 1, '0', 1),
(2, 47, '1', 100, -1, 0, '', NULL, '0', '', '', NULL, NULL, 0, NULL, '0', '2', 1, '0', 1),
(4, 47, '1', 100, -1, 0, '', NULL, '0', '', '', NULL, NULL, 0, NULL, '0', '2', 1, '0', 1),
(2, 48, '1', 100, -1, 0, '', NULL, '0', '', '', NULL, NULL, 0, NULL, '0', '2', 1, '0', 1),
(4, 48, '1', 100, -1, 0, '', NULL, '0', '', '', '', '', 0, NULL, '0', '2', 1, '0', 1),
(4, 50, '1', 100, -1, 0, '', NULL, '0', '', '', '', '', 0, NULL, '0', '2', 1, '0', 1),
(2, 49, '1', 100, -1, 0, '', NULL, '0', '', '', '', '', 0, NULL, '0', '2', 1, '0', 1),
(4, 49, '1', 100, -1, 0, '', NULL, '0', '', '', '', '', 0, NULL, '0', '2', 1, '0', 1),
(5, 12, '1', 100, -1, 0, '', NULL, '0', '', '', '', '', 0, NULL, '0', '2', 1, '0', 1),
(5, 3, '1', 100, -1, 0, '', NULL, '0', '', '', '', '', 0, NULL, '0', '2', 1, '0', 1),
(5, 41, '1', 0, -1, 0, '', NULL, '0', '', '', '', '', 0, NULL, '0', '2', 1, '0', 1),
(5, 17, '1', 100, -1, 0, '', NULL, '0', '', '', '', '', 0, NULL, '0', '2', 1, '0', 1),
(5, 49, '1', 100, -1, 0, '', NULL, '0', '', '', '', '', 0, NULL, '0', '2', 1, '0', 1),
(5, 39, '1', 0, -1, 0, '', NULL, '0', '', '', '', '', 0, NULL, '0', '2', 1, '0', 1),
(5, 24, '1', 100, -1, 0, '', NULL, '0', '', '', '', '', 0, NULL, '0', '2', 1, '0', 1),
(5, 2, '1', 100, 0, 0, '', NULL, '0', NULL, '', '', '', 0, NULL, '0', '2', 1, '0', 1),
(5, 33, '1', 100, -1, 0, '', NULL, '0', '', '', '', '', 0, NULL, '0', '2', 1, '0', 1),
(5, 38, '1', 100, 0, 0, '', NULL, '0', NULL, '', NULL, NULL, 0, NULL, '0', '2', 1, '0', 1),
(5, 9, '1', 0, -1, 0, '', NULL, '0', '', '', '', '', 0, NULL, '0', '2', 1, '0', 1),
(5, 25, '1', 100, -1, 0, '', NULL, '0', NULL, '', '', '', 0, NULL, '0', '2', 1, '0', 1),
(5, 34, '1', 100, -1, 0, '', NULL, '0', '', '', '', '', 0, NULL, '0', '0', 1, '0', 1),
(5, 45, '1', 100, -1, 0, '', NULL, '0', '', '', '', '', 0, NULL, '0', '2', 1, '0', 1),
(5, 37, '1', 100, -1, 0, '', NULL, '0', '', '', '', '', 0, NULL, '0', '2', 1, '0', 1),
(5, 47, '1', 100, -1, 0, '', NULL, '0', '', '', '', '', 0, NULL, '0', '2', 1, '0', 1),
(5, 36, '1', 100, -1, 0, '', NULL, '0', '', '', '', '', 0, NULL, '0', '2', 1, '0', 1),
(5, 16, '1', 100, -1, 0, '', NULL, '0', '', '', '', '', 0, NULL, '0', '2', 1, '0', 1),
(5, 6, '1', 100, -1, 0, '', NULL, '0', '', '', '', '', 0, NULL, '0', '2', 1, '0', 1),
(5, 42, '1', 100, -1, 0, '', NULL, '0', '', '', '', '', 0, NULL, '0', '2', 1, '0', 1),
(5, 43, '1', 100, -1, 0, '', NULL, '0', '', '', '', '', 0, NULL, '0', '2', 1, '0', 1),
(5, 40, '1', 0, -1, 0, '', NULL, '0', '', '', '', '', 0, NULL, '0', '2', 1, '0', 1),
(5, 1, '0', 0, 0, 0, '', NULL, '0', NULL, '', NULL, NULL, NULL, NULL, '0', '0', 1, '0', 1),
(5, 30, '1', 100, -1, 0, '', NULL, '0', '', '', '', '', 0, NULL, '0', '2', 1, '0', 1),
(5, 10, '1', 100, -1, 0, '', NULL, '0', '', '', '', '', 0, NULL, '0', '2', 1, '0', 1),
(5, 11, '1', 100, -1, 0, '', NULL, '0', '', '', '', '', 0, NULL, '0', '2', 1, '0', 1),
(5, 13, '1', 100, -1, 0, '', NULL, '0', '', '', '', '', 0, NULL, '0', '2', 1, '0', 1),
(5, 46, '1', 100, -1, 0, '', NULL, '0', '', '', '', '', 0, NULL, '0', '2', 1, '0', 1),
(5, 44, '1', 100, -1, 0, '', NULL, '0', '', '', '', '', 0, NULL, '0', '2', 1, '0', 1),
(5, 31, '1', 100, -1, 0, '', NULL, '0', '', '', '', '', 0, NULL, '0', '2', 1, '0', 1),
(5, 48, '1', 0, -1, 0, '', NULL, '0', '', '', '', '', 0, NULL, '0', '2', 1, '0', 1),
(5, 20, '1', 100, -1, 0, '', NULL, '0', '', '', '', '', 0, NULL, '0', '2', 1, '0', 1),
(5, 26, '1', 100, -1, 0, '', NULL, '0', '', '', '', '', 0, NULL, '0', '2', 1, '0', 1),
(5, 32, '1', 100, -1, 0, '', NULL, '0', '', '', '', '', 0, NULL, '0', '2', 1, '0', 1),
(5, 14, '1', 0, -1, 0, '', NULL, '0', '', '', '', '', 0, NULL, '0', '2', 1, '0', 1),
(5, 51, '1', 100, -1, 0, '', NULL, '0', '', '', '', '', 0, NULL, '0', '2', 1, '0', 1),
(2, 51, '1', 100, -1, 0, '', NULL, '0', '', '', '', '', 0, NULL, '0', '2', 1, '0', 1),
(4, 51, '1', 100, -1, 0, '', NULL, '0', '', '', '', '', 0, NULL, '0', '2', 1, '0', 1),
(1, 51, '1', 100, -1, 0, '', NULL, '0', '', '', '', '', 0, NULL, '0', '2', 1, '0', 1),
(5, 50, '1', 100, -1, 0, '', NULL, '0', '', '', '', '', 0, NULL, '0', '2', 1, '0', 1),
(1, 50, '1', 100, -1, 0, '', NULL, '0', '', '', '', '', 0, NULL, '0', '2', 1, '0', 1),
(5, 52, '1', 100, -1, 0, '', NULL, '0', '', '', '', '', 0, NULL, '0', '2', 1, '0', 1),
(4, 25, '1', 100, -1, 0, '', NULL, '0', '', '', '', '', 0, NULL, '0', '2', 1, '0', 1),
(4, 52, '1', 100, -1, 0, '', NULL, '0', '', '', '', '', 0, NULL, '0', '2', 1, '0', 1),
(1, 52, '1', 100, -1, 0, '', NULL, '0', '', '', '', '', 0, NULL, '0', '2', 1, '0', 1);

-- --------------------------------------------------------
--
-- Dumping data for table `layer_attributes2stelle`
--

INSERT INTO `layer_attributes2stelle` (`layer_id`, `attributename`, `stelle_id`, `privileg`, `tooltip`) VALUES
(25, 'fassung_nummer', 1, 1, 0),
(2, 'kommentar', 1, 1, 0),
(2, 'objektid_geodin', 1, -1, 0),
(12, 'hausnummer', 5, 1, 0),
(2, 'klasse', 2, 1, 0),
(2, 'betreiber', 1, 1, 0),
(2, 'abwasser_koerperschaft', 1, 1, 0),
(2, 'anlage_id', 1, 0, 0),
(2, 'name', 1, 1, 0),
(2, 'klasse', 1, 1, 0),
(2, 'zustaend_stalu', 1, 1, 0),
(2, 'zustaend_uwb', 1, 1, 0),
(3, 'name', 1, 1, 0),
(3, 'id', 1, -1, 0),
(16, 'konto_id', 4, -1, 0),
(43, 'id', 1, -1, 0),
(36, 'id', 2, 0, 0),
(36, 'nummer', 2, 1, 0),
(10, 'name', 1, 1, 0),
(11, 'name', 1, 1, 0),
(6, 'name', 1, 1, 0),
(6, 'id', 1, -1, 0),
(3, 'id', 4, -1, 0),
(2, 'stelle_name', 2, 0, 0),
(2, 'stelle_id', 2, 0, 0),
(21, 'aktenzeichen', 2, 1, 0),
(38, 'the_geo', 5, 1, 0),
(9, 'strasse_hausnummer', 1, 0, 0),
(9, 'plz_ort', 1, 0, 0),
(9, 'register_amtsgericht', 1, 1, 0),
(9, 'register_nummer', 1, 1, 0),
(9, 'telefon', 1, 1, 0),
(9, 'fax', 1, 1, 0),
(9, 'email', 1, 1, 0),
(9, 'zimmer', 1, 1, 0),
(9, 'kassenzeichen', 5, 0, 0),
(9, 'behoerde', 5, 1, 0),
(2, 'the_geom', 2, 1, 0),
(9, 'wrzrechtsnachfolger', 4, 1, 0),
(9, 'verwendungszweck', 2, 0, 0),
(9, 'verwendungszweck_wee', 1, 1, 0),
(10, 'id', 1, -1, 0),
(2, 'objektid_geodin', 5, -1, 0),
(9, 'telefon', 2, 1, 0),
(9, 'fax', 2, 1, 0),
(9, 'abwasser_koerperschaft', 1, 1, 0),
(9, 'trinkwasser_koerperschaft', 1, 1, 0),
(9, 'weeerklaerer', 1, 1, 0),
(9, 'kommentar', 1, 1, 0),
(9, 'bearbeiter_name', 1, 0, 0),
(9, 'iban', 1, 0, 0),
(9, 'bic', 1, 0, 0),
(9, 'verwendungszweck', 1, 0, 0),
(9, 'personenkonto', 1, 0, 0),
(11, 'id', 1, -1, 0),
(12, 'strasse', 1, 1, 0),
(12, 'strasse', 2, 1, 0),
(12, 'plz', 1, 1, 0),
(25, 'dokument', 1, 1, 0),
(9, 'aktuell', 1, 0, 0),
(13, 'name', 1, 1, 0),
(14, 'id', 1, -1, 0),
(9, 'kommentar', 5, 1, 0),
(16, 'name', 1, 1, 0),
(16, 'iban', 1, 1, 0),
(16, 'bic', 1, 1, 0),
(16, 'bankname', 1, 1, 0),
(16, 'verwendungszweck', 1, 1, 0),
(16, 'personenkonto', 1, 1, 0),
(16, 'konto_id', 1, -1, 0),
(17, 'art', 1, 1, 0),
(17, 'konto_id', 1, 1, 0),
(17, 'adress_id', 1, 1, 0),
(17, 'id', 1, 0, 0),
(17, 'name', 1, 1, 0),
(17, 'abkuerzung', 1, 1, 0),
(17, 'art', 2, 1, 0),
(17, 'konto_id', 2, 1, 0),
(17, 'aktuell', 2, 1, 0),
(17, 'id', 2, 0, 0),
(17, 'name', 2, 1, 0),
(17, 'adress_id', 4, 1, 0),
(17, 'aktuell', 4, 1, 0),
(20, 'name', 1, 1, 0),
(25, 'anlage_id', 4, 0, 0),
(25, 'anlage_klasse', 4, 0, 0),
(25, 'stelle_name', 5, 0, 0),
(25, 'wrz_bearbeiter_id', 5, 0, 0),
(46, 'mengenbestimmung', 2, 1, 0),
(9, 'bearbeiter_name', 5, 0, 0),
(9, 'bearbeiter_id', 5, 0, 0),
(9, 'stelle_name', 5, 0, 0),
(9, 'iban', 5, 0, 0),
(9, 'bic', 5, 0, 0),
(9, 'verwendungszweck', 5, 0, 0),
(24, 'name', 1, 1, 0),
(24, 'pfad', 1, 1, 0),
(2, 'bearbeiter_id', 5, 0, 0),
(2, 'klasse', 5, 1, 0),
(2, 'zustaend_stalu', 5, 1, 0),
(48, 'id', 1, -1, 0),
(48, 'name', 1, 1, 0),
(13, 'name', 4, 1, 0),
(13, 'id', 4, -1, 0),
(13, 'id', 2, -1, 0),
(2, 'the_geom', 5, 1, 0),
(2, 'aktuell', 5, 0, 0),
(26, 'name', 1, 1, 0),
(44, 'id', 1, -1, 0),
(31, 'id', 1, -1, 0),
(31, 'name', 1, 1, 0),
(12, 'hausnummer', 1, 1, 0),
(32, 'name', 1, 1, 0),
(32, 'id', 1, -1, 0),
(12, 'adress_id', 1, -1, 0),
(2, 'trinkwasser_koerperschaft', 5, 1, 0),
(24, 'pfad', 5, 1, 0),
(30, 'name', 1, 1, 0),
(30, 'id', 1, -1, 0),
(12, 'adress_id', 5, -1, 0),
(16, 'kassenzeichen', 4, 1, 0),
(41, 'nummer', 5, 1, 0),
(17, 'id', 5, 0, 0),
(33, 'anlage_klasse', 2, 0, 0),
(33, 'zweck', 4, 1, 0),
(33, 'fassung_nummer', 4, 0, 0),
(33, 'max_ent_wb_beschreib', 1, 1, 0),
(34, 'id', 1, 0, 0),
(13, 'id', 1, -1, 0),
(23, 'id', 4, -1, 0),
(36, 'name', 1, 1, 0),
(36, 'id', 1, 0, 0),
(33, 'gwb_id', 1, 0, 0),
(33, 'kennnummer', 1, 1, 0),
(33, 'datum_bestand_mat', 1, 0, 0),
(33, 'datum_postausgang', 1, 0, 0),
(37, 'gewaesserbenutzung_link', 1, 0, 0),
(37, 'einheit', 1, 1, 0),
(37, 'id', 1, 0, 0),
(37, 'name', 1, 1, 0),
(37, 'wert', 1, 1, 0),
(37, 'gewaesserbenutzung_link', 2, 0, 0),
(33, 'ent_datum_bis', 4, 1, 0),
(25, 'fassung_aktenzeichen', 4, 0, 0),
(38, 'name', 5, 1, 0),
(38, 'gwb_id', 5, 1, 0),
(38, 'wrz_link', 4, 0, 0),
(9, 'stelle_id', 5, 0, 0),
(9, 'personen_id', 5, 0, 0),
(9, 'typ', 5, 1, 0),
(9, 'klasse', 5, 1, 0),
(9, 'status', 5, 1, 0),
(9, 'bezeichnung', 5, 0, 0),
(9, 'name', 5, 1, 0),
(39, 'id', 5, -1, 0),
(38, 'anlage_id', 5, 0, 0),
(33, 'status', 4, 0, 0),
(46, 'art_benutzung', 2, 1, 0),
(39, 'name', 1, 1, 0),
(40, 'id', 1, -1, 0),
(41, 'nummer', 1, 1, 0),
(6, 'art', 1, 1, 0),
(42, 'name', 1, 1, 0),
(2, 'abwasser_koerperschaft', 5, 1, 0),
(2, 'bearbeiter_id', 1, 0, 0),
(2, 'stelle_name', 1, 0, 0),
(2, 'aktuell', 2, 0, 0),
(2, 'betreiber', 2, 1, 0),
(2, 'abwasser_koerperschaft', 2, 1, 0),
(2, 'name', 2, 1, 0),
(2, 'anlage_id', 2, 0, 0),
(33, 'max_ent_wee', 4, 1, 0),
(33, 'freitext_zweck', 2, 1, 0),
(33, 'stelle_id', 5, 0, 0),
(33, 'freigegeben', 2, 1, 0),
(33, 'regnummer', 4, 0, 0),
(9, 'bearbeiter', 2, 0, 0),
(9, 'abwasser_koerperschaft', 2, 1, 0),
(9, 'trinkwasser_koerperschaft', 2, 1, 0),
(9, 'kassenzeichen', 1, 0, 0),
(9, 'behoerde', 1, 1, 0),
(9, 'wrzaussteller', 1, 1, 0),
(9, 'wrzadressat', 1, 1, 0),
(9, 'wrzrechtsnachfolger', 1, 1, 0),
(24, 'name', 5, 1, 0),
(9, 'bearbeiter_id', 2, 0, 0),
(9, 'stelle_name', 2, 0, 0),
(9, 'kommentar', 2, 1, 0),
(9, 'status', 2, 1, 0),
(9, 'bezeichnung', 2, 0, 0),
(9, 'name', 2, 1, 0),
(9, 'abkuerzung', 2, 1, 0),
(44, 'name', 1, 1, 0),
(43, 'id', 2, -1, 0),
(43, 'name', 2, 1, 0),
(38, 'wrz_id', 2, 0, 0),
(33, 'datum_bestand_form', 1, 0, 0),
(33, 'gewaesserbenutzung_bearbeiter_id', 5, 0, 0),
(33, 'max_ent_wee_beschreib', 2, 1, 0),
(33, 'fassung_aktenzeichen', 5, 0, 0),
(33, 'fassung_datum', 5, 0, 0),
(33, 'gueltig_seit', 5, 0, 0),
(46, 'mengenbestimmung', 4, 1, 0),
(50, 'name', 2, 1, 0),
(50, 'name', 4, 1, 0),
(52, 'wrz_wid', 2, 0, 0),
(13, 'name', 2, 1, 0),
(25, 'bearbeitungs_datum', 4, 0, 0),
(25, 'vorgaenger', 5, 1, 0),
(25, 'anlage_klasse', 5, 0, 0),
(25, 'stelle_name', 1, 0, 0),
(25, 'wrz_bearbeiter_id', 1, 0, 0),
(25, 'anlage_klasse', 1, 0, 0),
(25, 'anlage_id', 1, 1, 0),
(3, 'id', 2, -1, 0),
(16, 'verwendungszweck', 4, 1, 0),
(33, 'vorgaenger', 5, 0, 0),
(12, 'adress_id', 2, -1, 0),
(12, 'hausnummer', 4, 1, 0),
(12, 'adress_id', 4, -1, 0),
(12, 'hausnummer', 2, 1, 0),
(12, 'strasse', 4, 1, 0),
(12, 'ort', 1, 1, 0),
(12, 'plz', 2, 1, 0),
(12, 'ort', 2, 1, 0),
(12, 'plz', 4, 1, 0),
(12, 'ort', 4, 1, 0),
(23, 'name', 2, 1, 0),
(23, 'name', 4, 1, 0),
(23, 'id', 2, -1, 0),
(52, 'wrz_id', 2, 0, 0),
(25, 'anlage_id', 5, 1, 0),
(2, 'anlage_id', 4, 0, 0),
(2, 'name', 4, 1, 0),
(2, 'klasse', 4, 1, 0),
(2, 'zustaend_stalu', 4, 1, 0),
(2, 'zustaend_uwb', 4, 1, 0),
(2, 'betreiber', 4, 1, 0),
(2, 'abwasser_koerperschaft', 4, 1, 0),
(2, 'trinkwasser_koerperschaft', 4, 1, 0),
(2, 'wasserrechtliche_zulassungen', 4, 0, 0),
(2, 'aktuell', 4, 0, 0),
(2, 'gewaesserbenutzungen', 4, 1, 0),
(2, 'bearbeiter_name', 4, 0, 0),
(3, 'name', 4, 1, 0),
(41, 'id', 2, -1, 0),
(41, 'id', 4, -1, 0),
(41, 'nummer', 2, 1, 0),
(41, 'nummer', 4, 1, 0),
(41, 'id', 1, -1, 0),
(3, 'name', 2, 1, 0),
(2, 'bearbeiter_name', 5, 0, 0),
(17, 'id', 4, 0, 0),
(49, 'name', 1, 1, 0),
(49, 'id', 1, 0, 0),
(17, 'name', 4, 1, 0),
(17, 'abkuerzung', 4, 1, 0),
(49, 'abkuerzung', 1, 1, 0),
(25, 'ungueltig_aufgrund', 1, 1, 0),
(39, 'id', 2, -1, 0),
(39, 'id', 4, -1, 0),
(39, 'id', 1, -1, 0),
(39, 'name', 2, 1, 0),
(39, 'name', 4, 1, 0),
(24, 'name', 2, 1, 0),
(24, 'id', 2, -1, 0),
(24, 'name', 4, 1, 0),
(24, 'id', 4, -1, 0),
(24, 'id', 1, -1, 0),
(24, 'document', 1, 1, 0),
(24, 'pfad', 2, 1, 0),
(24, 'document', 2, 1, 0),
(24, 'pfad', 4, 1, 0),
(24, 'document', 4, 1, 0),
(2, 'name', 5, 1, 0),
(52, 'wrz_ben', 2, 0, 0),
(36, 'nummer', 1, 1, 0),
(33, 'nachfolger', 1, 0, 0),
(33, 'vorgaenger', 1, 0, 0),
(33, 'wrz_freigegeben', 1, 0, 0),
(33, 'ungueltig_aufgrund', 1, 0, 0),
(33, 'ungueltig_seit', 1, 0, 0),
(33, 'wirksam', 1, 0, 0),
(33, 'bergamt_aktenzeichen', 4, 0, 0),
(33, 'ort', 4, 0, 0),
(52, 'wrz_bearbeiter_name', 2, 0, 0),
(34, 'id', 2, 0, 0),
(34, 'name', 2, 1, 0),
(25, 'stelle_id', 1, 0, 0),
(34, 'name', 4, 1, 0),
(34, 'id', 4, 0, 0),
(34, 'name', 1, 1, 0),
(33, 'freigegeben', 1, 1, 0),
(33, 'bearbeiter_email', 4, 0, 0),
(33, 'wrz_bezeichnung', 4, 0, 0),
(33, 'typus', 4, 0, 0),
(33, 'gewaesserbenutzung_bearbeiter_name', 2, 0, 0),
(33, 'bearbeiter_fax', 5, 0, 0),
(33, 'bearbeiter_namenszusatz', 5, 0, 0),
(33, 'bearbeiter_strasse_hausnummer', 5, 0, 0),
(33, 'bearbeiter_plz_ort', 5, 0, 0),
(24, 'document', 5, 1, 0),
(39, 'name', 5, 1, 0),
(49, 'name', 5, 1, 0),
(49, 'abkuerzung', 5, 1, 0),
(49, 'id', 5, 0, 0),
(17, 'adress_id', 5, 1, 0),
(17, 'name', 5, 1, 0),
(17, 'abkuerzung', 5, 1, 0),
(41, 'id', 5, -1, 0),
(3, 'id', 5, -1, 0),
(3, 'name', 5, 1, 0),
(12, 'strasse', 5, 1, 0),
(12, 'ort', 5, 1, 0),
(12, 'plz', 5, 1, 0),
(38, 'anlage_link', 5, 0, 0),
(38, 'name', 1, 1, 0),
(38, 'gwb_id', 4, 1, 0),
(38, 'gwb_id', 1, 1, 0),
(33, 'vorgaenger', 2, 0, 0),
(33, 'bearbeitungs_datum', 5, 0, 0),
(33, 'gwb_id', 5, 0, 0),
(33, 'wrz_freigegeben', 5, 0, 0),
(33, 'bearbeiter_zimmer', 5, 0, 0),
(2, 'bearbeitungs_datum', 2, 0, 0),
(2, 'kommentar', 5, 1, 0),
(52, 'gueltig_seit', 5, 1, 0),
(37, 'wert', 2, 1, 0),
(37, 'name', 2, 1, 0),
(37, 'id', 2, 0, 0),
(52, 'fassung_datum', 5, 1, 0),
(37, 'gewaesserbenutzung_link', 4, 0, 0),
(33, 'adressat_namenszusatz', 4, 0, 0),
(25, 'bearbeitungs_datum', 5, 0, 0),
(37, 'id', 4, 0, 0),
(37, 'name', 4, 1, 0),
(37, 'wert', 4, 1, 0),
(33, 'bearbeiter_fax', 4, 0, 0),
(25, 'stelle_name', 2, 0, 0),
(25, 'wrz_bearbeiter_id', 2, 0, 0),
(33, 'zweck', 5, 1, 0),
(33, 'ent_wb_alt', 5, 1, 0),
(33, 'fassung_nummer', 5, 0, 0),
(33, 'max_ent_wee_reduziert', 5, 1, 0),
(33, 'ent_datum_bis', 5, 1, 0),
(33, 'ent_datum_von', 5, 1, 0),
(33, 'wirksam', 2, 0, 0),
(33, 'ungueltig_seit', 2, 0, 0),
(33, 'ungueltig_aufgrund', 2, 0, 0),
(33, 'datum_postausgang', 2, 0, 0),
(33, 'datum_bestand_mat', 2, 0, 0),
(33, 'datum_bestand_form', 2, 0, 0),
(36, 'name', 2, 1, 0),
(33, 'aktuell', 2, 0, 0),
(36, 'name', 4, 1, 0),
(36, 'id', 4, 0, 0),
(36, 'nummer', 4, 1, 0),
(16, 'personenkonto', 2, 1, 0),
(16, 'verwendungszweck', 2, 1, 0),
(16, 'konto_id', 2, -1, 0),
(16, 'bankname', 4, 1, 0),
(16, 'name', 4, 1, 0),
(16, 'iban', 4, 1, 0),
(16, 'bic', 4, 1, 0),
(16, 'bankname', 2, 1, 0),
(16, 'bic', 2, 1, 0),
(16, 'personenkonto', 4, 1, 0),
(16, 'kassenzeichen', 2, 1, 0),
(25, 'datum_bestand_mat', 1, 1, 0),
(6, 'name', 2, 1, 0),
(6, 'id', 2, -1, 0),
(6, 'name', 4, 1, 0),
(6, 'id', 4, -1, 0),
(6, 'art', 2, 1, 0),
(6, 'art', 4, 1, 0),
(42, 'id', 2, -1, 0),
(42, 'id', 4, -1, 0),
(42, 'id', 1, -1, 0),
(42, 'name', 2, 1, 0),
(42, 'name', 4, 1, 0),
(40, 'id', 4, -1, 0),
(40, 'id', 2, -1, 0),
(40, 'nummer', 1, 1, 0),
(40, 'nummer', 2, 1, 0),
(40, 'nummer', 4, 1, 0),
(30, 'the_geo', 2, 1, 0),
(30, 'name', 2, 1, 0),
(30, 'id', 2, -1, 0),
(30, 'the_geo', 4, 1, 0),
(30, 'name', 4, 1, 0),
(30, 'id', 4, -1, 0),
(30, 'the_geo', 1, 1, 0),
(9, 'betreiber', 2, 0, 0),
(9, 'betreiber', 4, 0, 0),
(9, 'betreiber_id', 4, 1, 0),
(9, 'register_nummer', 4, 1, 0),
(9, 'telefon', 4, 1, 0),
(9, 'fax', 4, 1, 0),
(9, 'email', 4, 1, 0),
(9, 'zimmer', 4, 1, 0),
(9, 'verwendungszweck_wee', 4, 1, 0),
(9, 'konto_id', 4, 1, 0),
(9, 'kontoname', 4, 0, 0),
(9, 'iban', 4, 0, 0),
(9, 'bic', 4, 0, 0),
(9, 'personen_id', 4, 0, 0),
(9, 'typ', 4, 1, 0),
(9, 'klasse', 4, 1, 0),
(9, 'status', 4, 1, 0),
(9, 'bezeichnung', 4, 0, 0),
(9, 'name', 4, 1, 0),
(9, 'abkuerzung', 4, 1, 0),
(9, 'namenszusatz', 4, 1, 0),
(9, 'adress_id', 4, 1, 0),
(9, 'strasse_hausnummer', 4, 0, 0),
(9, 'adress_id', 2, 1, 0),
(9, 'strasse_hausnummer', 2, 0, 0),
(9, 'plz_ort', 2, 0, 0),
(9, 'register_amtsgericht', 2, 1, 0),
(9, 'klasse', 1, 1, 0),
(9, 'bearbeiter', 4, 0, 0),
(9, 'abwasser_koerperschaft', 4, 1, 0),
(10, 'id', 2, -1, 0),
(10, 'id', 4, -1, 0),
(10, 'name', 2, 1, 0),
(10, 'name', 4, 1, 0),
(11, 'id', 2, -1, 0),
(11, 'id', 4, -1, 0),
(11, 'name', 2, 1, 0),
(11, 'name', 4, 1, 0),
(35, 'nummer', 2, 1, 0),
(35, 'nummer', 4, 1, 0),
(35, 'id', 2, -1, 0),
(35, 'id', 4, -1, 0),
(25, 'zustaendige_behoerde_link', 5, 0, 0),
(23, 'bearbeiterzeichen', 2, 1, 0),
(23, 'bearbeiterzeichen', 4, 1, 0),
(43, 'id', 4, -1, 0),
(43, 'name', 4, 1, 0),
(9, 'bearbeiter', 5, 0, 0),
(25, 'datum_bestand_form', 2, 0, 0),
(25, 'status', 1, 1, 0),
(52, 'wrz_bearbeiter_id', 2, 0, 0),
(52, 'wirksam', 2, 0, 0),
(52, 'vorgaenger', 2, 1, 0),
(52, 'ungueltig_seit', 2, 1, 0),
(52, 'ungueltig_aufgrund', 2, 1, 0),
(52, 'typus', 2, 1, 0),
(52, 'freigegeben', 2, 1, 0),
(52, 'gueltig_seit', 2, 1, 0),
(52, 'nachfolger', 2, 1, 0),
(52, 'ort', 2, 1, 0),
(52, 'personen_id', 2, 1, 0),
(52, 'regnummer', 2, 1, 0),
(52, 'status', 2, 1, 0),
(52, 'stelle_id', 2, 0, 0),
(21, 'datum_bestand_mat', 2, 1, 0),
(21, 'datum_bestand_form', 2, 1, 0),
(21, 'ort', 2, 1, 0),
(21, 'id', 2, -1, 0),
(21, 'datum_bestand_form', 4, 1, 0),
(21, 'ort', 4, 1, 0),
(21, 'nummer', 4, 1, 0),
(21, 'fassung', 4, 1, 0),
(25, 'dokument', 5, 1, 0),
(25, 'datum_bestand_form', 5, 1, 0),
(21, 'fassung', 2, 1, 0),
(33, 'gewaesserbenutzung_bearbeiter_id', 1, 0, 0),
(33, 'wasserbuchnummer', 1, 1, 0),
(21, 'datum_postausgang', 2, 1, 0),
(21, 'nummer', 2, 1, 0),
(21, 'id', 4, -1, 0),
(21, 'aktenzeichen', 4, 1, 0),
(21, 'datum_postausgang', 4, 1, 0),
(21, 'datum_bestand_mat', 4, 1, 0),
(18, 'name', 2, 1, 0),
(18, 'id', 2, -1, 0),
(2, 'kommentar', 4, 1, 0),
(9, 'namenszusatz', 2, 1, 0),
(9, 'typ', 2, 1, 0),
(9, 'klasse', 2, 1, 0),
(18, 'datum_bestand_form', 2, 1, 0),
(18, 'ort', 2, 1, 0),
(18, 'regnummer', 2, 1, 0),
(18, 'ausstellbehoerde', 2, 1, 0),
(9, 'per_wrz', 1, 1, 0),
(26, 'id', 2, -1, 0),
(26, 'id', 4, -1, 0),
(26, 'id', 1, -1, 0),
(26, 'name', 2, 1, 0),
(26, 'name', 4, 1, 0),
(29, 'id', 2, -1, 0),
(29, 'id', 4, -1, 0),
(2, 'kommentar', 2, 1, 0),
(29, 'name', 2, 1, 0),
(29, 'name', 4, 1, 0),
(19, 'auswahl', 2, 1, 0),
(19, 'klasse', 2, 1, 0),
(19, 'aktenzeichen', 2, 1, 0),
(19, 'auswahl', 4, 1, 0),
(19, 'klasse', 4, 1, 0),
(19, 'aktenzeichen', 4, 1, 0),
(9, 'per_wrz', 2, 1, 0),
(19, 'id', 2, -1, 0),
(19, 'id', 4, -1, 0),
(9, 'betreiber_id', 5, 1, 0),
(19, 'datum', 2, 1, 0),
(19, 'ort', 2, 1, 0),
(19, 'nummer', 2, 1, 0),
(19, 'datum', 4, 1, 0),
(19, 'ort', 4, 1, 0),
(19, 'nummer', 4, 1, 0),
(31, 'id', 2, -1, 0),
(31, 'id', 4, -1, 0),
(31, 'name', 2, 1, 0),
(31, 'name', 4, 1, 0),
(22, 'ungueltig_seit', 2, 1, 0),
(22, 'gueltig_seit', 2, 1, 0),
(22, 'gueltig_bis', 2, 1, 0),
(22, 'ungueltig_aufgrund', 2, 1, 0),
(22, 'ungueltig_seit', 4, 1, 0),
(22, 'gueltig_seit', 4, 1, 0),
(22, 'gueltig_bis', 4, 1, 0),
(22, 'ungueltig_aufgrund', 4, 1, 0),
(22, 'id', 2, -1, 0),
(22, 'id', 4, -1, 0),
(22, 'wirksam', 2, 0, 0),
(22, 'abgelaufen', 2, 1, 0),
(22, 'wirksam', 4, 0, 0),
(22, 'abgelaufen', 4, 1, 0),
(32, 'id', 2, -1, 0),
(32, 'id', 4, -1, 0),
(32, 'name', 2, 1, 0),
(32, 'name', 4, 1, 0),
(20, 'id', 2, -1, 0),
(20, 'id', 4, -1, 0),
(20, 'id', 1, -1, 0),
(20, 'name', 2, 1, 0),
(20, 'name', 4, 1, 0),
(14, 'id', 2, -1, 0),
(14, 'id', 4, -1, 0),
(14, 'name', 1, 1, 0),
(14, 'name', 2, 1, 0),
(14, 'name', 4, 1, 0),
(15, 'id', 2, -1, 0),
(15, 'id', 4, -1, 0),
(52, 'stelle_name', 2, 0, 0),
(15, 'name', 2, 1, 0),
(15, 'name', 4, 1, 0),
(2, 'stelle_name', 5, 0, 0),
(2, 'stelle_id', 5, 0, 0),
(17, 'adress_id', 2, 1, 0),
(2, 'bearbeitungs_datum', 5, 0, 0),
(2, 'objektid_geodin', 2, -1, 0),
(2, 'bearbeiter_name', 2, 0, 0),
(2, 'bearbeiter_id', 2, 0, 0),
(25, 'gueltig_seit', 1, 1, 0),
(25, 'bearbeiter_email', 1, 0, 0),
(25, 'bezeichnung', 1, 0, 0),
(25, 'typus', 1, 1, 0),
(25, 'bearbeiter_fax', 1, 0, 0),
(52, 'fassung_typus', 2, 1, 0),
(52, 'fassung_nummer', 2, 1, 0),
(52, 'fassung_datum', 2, 1, 0),
(52, 'fassung_bearbeiterzeichen', 2, 1, 0),
(25, 'zustaendige_behoerde', 2, 0, 0),
(25, 'wrz_wid', 2, 0, 0),
(25, 'ausstellbehoerde', 2, 0, 0),
(25, 'ausstellbehoerde_link', 2, 0, 0),
(25, 'wrz_id', 2, 0, 0),
(25, 'anlage_klasse', 2, 0, 0),
(25, 'anlage_id', 2, 0, 0),
(25, 'anlage_anzeige', 2, 0, 0),
(52, 'fassung_auswahl', 2, 1, 0),
(52, 'fassung_aktenzeichen', 2, 1, 0),
(25, 'ausstellbehoerde_link', 1, 0, 0),
(25, 'zustaendige_behoerde', 1, 1, 0),
(50, 'abkuerzung', 4, 1, 0),
(44, 'id', 2, -1, 0),
(44, 'name', 2, 1, 0),
(2, 'objektid_geodin', 4, -1, 0),
(2, 'bearbeiter_id', 4, 0, 0),
(9, 'kassenzeichen', 2, 0, 0),
(9, 'behoerde', 2, 1, 0),
(9, 'wrzaussteller', 2, 1, 0),
(9, 'wrzadressat', 2, 1, 0),
(9, 'wrzrechtsnachfolger', 2, 1, 0),
(9, 'konto_id', 2, 1, 0),
(9, 'kontoname', 2, 0, 0),
(9, 'iban', 2, 0, 0),
(9, 'bic', 2, 0, 0),
(9, 'email', 2, 1, 0),
(9, 'zimmer', 2, 1, 0),
(9, 'verwendungszweck_wee', 2, 1, 0),
(38, 'gewaesserbenutzungen_link', 1, 0, 0),
(44, 'id', 4, -1, 0),
(44, 'name', 4, 1, 0),
(9, 'bearbeiter', 1, 0, 0),
(9, 'verwendungszweck', 4, 0, 0),
(46, 'art_benutzung', 4, 1, 0),
(45, 'id', 1, -1, 0),
(45, 'name', 1, 1, 0),
(45, 'abkuerzung', 1, 1, 0),
(46, 'art_benutzung', 1, 1, 0),
(46, 'gewaesserbenutzungen', 2, 1, 0),
(46, 'id', 2, -1, 0),
(46, 'art', 2, 1, 0),
(46, 'zweck', 2, 1, 0),
(46, 'umfang', 2, 1, 0),
(46, 'wiedereinleitung_nutzer', 2, 1, 0),
(46, 'wiedereinleitung_bearbeiter', 2, 1, 0),
(46, 'entgeltsatz', 4, 1, 0),
(46, 'zweck', 4, 1, 0),
(9, 'per_wrz_ben', 2, 1, 0),
(25, 'fassung_typus', 1, 1, 0),
(2, 'wasserrechtliche_zulassungen', 2, 0, 0),
(9, 'stelle_name', 1, 0, 0),
(2, 'zustaend_uwb', 5, 1, 0),
(2, 'anlage_id', 5, 0, 0),
(2, 'wasserrechtliche_zulassungen', 1, 0, 0),
(2, 'trinkwasser_koerperschaft', 1, 1, 0),
(25, 'wrz_bearbeiter_name', 2, 0, 0),
(25, 'ungueltig_seit', 1, 1, 0),
(25, 'adressat_link', 5, 0, 0),
(33, 'status', 5, 0, 0),
(46, 'gewaesserbenutzungen', 4, 1, 0),
(46, 'wiedereinleitung_bearbeiter', 4, 1, 0),
(45, 'id', 4, -1, 0),
(45, 'name', 4, 1, 0),
(45, 'abkuerzung', 4, 1, 0),
(46, 'befreiungstatbestaende', 1, 1, 0),
(46, 'entgeltsatz', 1, 1, 0),
(46, 'teilgewaesserbenutzungen_art', 1, 1, 0),
(46, 'mengenbestimmung', 1, 1, 0),
(46, 'teilgewaesserbenutzungen_art', 2, 1, 0),
(46, 'wiedereinleitung_nutzer', 4, 1, 0),
(46, 'umfang', 4, 1, 0),
(46, 'art', 4, 1, 0),
(46, 'befreiungstatbestaende', 2, 1, 0),
(46, 'teilgewaesserbenutzungen_art', 4, 1, 0),
(46, 'id', 4, -1, 0),
(50, 'id', 2, 0, 0),
(50, 'id', 4, 0, 0),
(38, 'the_geo', 2, 1, 0),
(2, 'stelle_name', 4, 0, 0),
(9, 'personenkonto', 2, 0, 0),
(2, 'wasserrechtliche_zulassungen', 5, 0, 0),
(2, 'stelle_id', 4, 0, 0),
(2, 'bearbeitungs_datum', 4, 0, 0),
(9, 'bearbeiter_id', 4, 0, 0),
(25, 'wrz_ben', 5, 0, 0),
(9, 'personenkonto', 4, 0, 0),
(9, 'kassenzeichen', 4, 0, 0),
(9, 'behoerde', 4, 1, 0),
(9, 'wrzaussteller', 4, 1, 0),
(9, 'wrzadressat', 4, 1, 0),
(47, 'satz_ow', 4, 1, 0),
(47, 'satz_gw', 4, 1, 0),
(47, 'id', 4, -1, 0),
(47, 'name', 4, 1, 0),
(47, 'jahr', 4, 1, 0),
(47, 'jahr', 1, 1, 0),
(47, 'satz_ow', 1, 1, 0),
(47, 'satz_gw', 1, 1, 0),
(24, 'id', 5, -1, 0),
(18, 'datum_postausgang', 2, 1, 0),
(18, 'klasse', 2, 1, 0),
(18, 'aktenzeichen', 2, 1, 0),
(2, 'zustaend_uwb', 2, 1, 0),
(18, 'datum_bestand_form', 4, 1, 0),
(18, 'ort', 4, 1, 0),
(18, 'regnummer', 4, 1, 0),
(18, 'ausstellbehoerde', 4, 1, 0),
(9, 'stelle_id', 1, 0, 0),
(9, 'bearbeiter_id', 1, 0, 0),
(18, 'datum_bestand_mat', 4, 1, 0),
(18, 'id', 4, -1, 0),
(18, 'name', 4, 1, 0),
(18, 'klasse', 4, 1, 0),
(18, 'aktenzeichen', 4, 1, 0),
(18, 'datum_postausgang', 4, 1, 0),
(47, 'jahr', 2, 1, 0),
(47, 'satz_ow', 2, 1, 0),
(47, 'satz_gw', 2, 1, 0),
(25, 'wirksam', 5, 0, 0),
(25, 'ungueltig_seit', 5, 1, 0),
(47, 'id', 2, -1, 0),
(47, 'name', 2, 1, 0),
(9, 'abwasser_koerperschaft', 5, 1, 0),
(9, 'trinkwasser_koerperschaft', 5, 1, 0),
(9, 'bearbeitungs_datum', 5, 0, 0),
(9, 'aktuell', 5, 0, 0),
(9, 'per_wrz', 5, 1, 0),
(9, 'personenkonto', 5, 0, 0),
(9, 'abkuerzung', 5, 1, 0),
(9, 'namenszusatz', 5, 1, 0),
(9, 'adress_id', 5, 1, 0),
(9, 'strasse_hausnummer', 5, 0, 0),
(9, 'plz_ort', 5, 0, 0),
(9, 'register_amtsgericht', 5, 1, 0),
(9, 'register_nummer', 5, 1, 0),
(9, 'telefon', 5, 1, 0),
(9, 'fax', 5, 1, 0),
(9, 'email', 5, 1, 0),
(9, 'zimmer', 5, 1, 0),
(9, 'verwendungszweck_wee', 5, 1, 0),
(9, 'konto_id', 5, 1, 0),
(9, 'kontoname', 5, 0, 0),
(16, 'kassenzeichen', 1, 1, 0),
(48, 'id', 4, -1, 0),
(48, 'name', 4, 1, 0),
(17, 'konto_id', 5, 1, 0),
(17, 'aktuell', 5, 1, 0),
(33, 'zustaendige_behoerde_link', 1, 0, 0),
(33, 'personen_id', 1, 0, 0),
(33, 'freitext_art', 5, 1, 0),
(48, 'id', 2, -1, 0),
(48, 'name', 2, 1, 0),
(25, 'nachfolger', 2, 0, 0),
(25, 'vorgaenger', 2, 0, 0),
(9, 'bearbeitungs_datum', 4, 0, 0),
(9, 'aktuell', 4, 0, 0),
(9, 'weeerklaerer', 2, 1, 0),
(9, 'adress_id', 1, 1, 0),
(2, 'the_geom', 1, 1, 0),
(2, 'bearbeitungs_datum', 1, 0, 0),
(25, 'dokument', 2, 0, 0),
(25, 'befristet_bis', 1, 1, 0),
(25, 'bearbeiter_namenszusatz', 1, 0, 0),
(25, 'bearbeiter_strasse_hausnummer', 1, 0, 0),
(25, 'freigegeben', 2, 0, 0),
(25, 'ungueltig_aufgrund', 2, 0, 0),
(25, 'ungueltig_seit', 2, 1, 0),
(52, 'dokument', 2, 1, 0),
(52, 'datum_postausgang', 2, 1, 0),
(47, 'id', 1, -1, 0),
(46, 'gewaesserbenutzungen', 1, 1, 0),
(45, 'id', 2, -1, 0),
(45, 'name', 2, 1, 0),
(45, 'abkuerzung', 2, 1, 0),
(46, 'entgeltsatz', 2, 1, 0),
(46, 'umfang', 1, 1, 0),
(46, 'wiedereinleitung_nutzer', 1, 1, 0),
(46, 'wiedereinleitung_bearbeiter', 1, 1, 0),
(46, 'id', 1, -1, 0),
(46, 'art', 1, 1, 0),
(46, 'zweck', 1, 1, 0),
(2, 'gewaesserbenutzungen', 5, 1, 0),
(9, 'konto_id', 1, 1, 0),
(9, 'kontoname', 1, 0, 0),
(9, 'personen_id', 1, 0, 0),
(9, 'typ', 1, 1, 0),
(9, 'per_wrz_ben', 4, 1, 0),
(9, 'stelle_name', 4, 0, 0),
(9, 'stelle_id', 4, 0, 0),
(9, 'per_wrz_ben', 1, 1, 0),
(9, 'plz_ort', 4, 0, 0),
(9, 'register_amtsgericht', 4, 1, 0),
(2, 'stelle_id', 1, 0, 0),
(9, 'status', 1, 1, 0),
(9, 'bezeichnung', 1, 0, 0),
(9, 'name', 1, 1, 0),
(9, 'abkuerzung', 1, 1, 0),
(9, 'namenszusatz', 1, 1, 0),
(47, 'name', 1, 1, 0),
(46, 'befreiungstatbestaende', 4, 1, 0),
(25, 'datum_bestand_form', 1, 1, 0),
(52, 'datum_bestand_mat', 2, 1, 0),
(52, 'datum_bestand_form', 2, 1, 0),
(25, 'bearbeiter_telefon', 1, 0, 0),
(52, 'datum', 2, 1, 0),
(25, 'wirksam', 2, 0, 0),
(25, 'aktuell', 2, 0, 0),
(25, 'befristet_bis', 2, 0, 0),
(25, 'status', 2, 0, 0),
(9, 'register_nummer', 2, 1, 0),
(18, 'datum_bestand_mat', 2, 1, 0),
(25, 'datum_postausgang', 1, 1, 0),
(52, 'bezeichnung', 2, 0, 0),
(9, 'betreiber', 1, 0, 0),
(9, 'wrzaussteller', 5, 1, 0),
(25, 'fassung_bearbeiterzeichen', 2, 0, 0),
(43, 'name', 1, 1, 0),
(9, 'per_wrz', 4, 1, 0),
(16, 'name', 2, 1, 0),
(16, 'iban', 2, 1, 0),
(25, 'bergamt_aktenzeichen', 1, 1, 0),
(25, 'ort', 1, 1, 0),
(25, 'datum', 1, 1, 0),
(33, 'bearbeiterzeichen', 4, 0, 0),
(33, 'nachfolger', 2, 0, 0),
(33, 'dokument', 2, 0, 0),
(33, 'max_ent_wee_reduziert', 1, 1, 0),
(33, 'ort', 1, 0, 0),
(33, 'datum', 1, 0, 0),
(33, 'bearbeiter_strasse_hausnummer', 1, 0, 0),
(33, 'bearbeiter_plz_ort', 1, 0, 0),
(33, 'bearbeiter_zimmer', 1, 0, 0),
(9, 'bearbeitungs_datum', 2, 0, 0),
(9, 'bearbeiter_name', 2, 0, 0),
(50, 'abkuerzung', 2, 1, 0),
(2, 'gewaesserbenutzungen', 2, 1, 0),
(2, 'aktuell', 1, 0, 0),
(2, 'gewaesserbenutzungen', 1, 1, 0),
(2, 'bearbeiter_name', 1, 0, 0),
(17, 'abkuerzung', 2, 1, 0),
(49, 'abkuerzung', 2, 1, 0),
(49, 'id', 2, 0, 0),
(49, 'name', 2, 1, 0),
(25, 'fassung_aktenzeichen', 1, 1, 0),
(52, 'bergamt_aktenzeichen', 2, 1, 0),
(52, 'befristet_bis', 2, 1, 0),
(52, 'bearbeitungs_datum', 2, 0, 0),
(17, 'art', 4, 1, 0),
(49, 'abkuerzung', 4, 1, 0),
(49, 'id', 4, 0, 0),
(49, 'name', 4, 1, 0),
(17, 'art', 5, 1, 0),
(33, 'art', 1, 1, 0),
(33, 'dokument', 1, 0, 0),
(33, 'befristet_bis', 4, 0, 0),
(33, 'bearbeiter', 4, 0, 0),
(33, 'bearbeiter_link', 4, 0, 0),
(33, 'bearbeiter_name', 4, 0, 0),
(33, 'bearbeiter_namenszusatz', 4, 0, 0),
(33, 'adressat_strasse_hausnummer', 4, 0, 0),
(33, 'wrz_freigegeben', 2, 0, 0),
(33, 'bearbeiter_telefon', 2, 0, 0),
(33, 'bearbeiter_fax', 2, 0, 0),
(25, 'gueltig_seit', 2, 0, 0),
(52, 'bearbeiter_zimmer', 2, 0, 0),
(25, 'fassung_aktenzeichen', 2, 0, 0),
(25, 'fassung_datum', 2, 0, 0),
(25, 'fassung_nummer', 2, 0, 0),
(25, 'bearbeiter', 2, 0, 0),
(25, 'fassung_auswahl', 1, 1, 0),
(25, 'bearbeiter_strasse_hausnummer', 2, 0, 0),
(25, 'bearbeiter_plz_ort', 2, 0, 0),
(52, 'bearbeiter_telefon', 2, 0, 0),
(25, 'bergamt_aktenzeichen', 2, 0, 0),
(52, 'bearbeiter_strasse_hausnummer', 2, 0, 0),
(52, 'bearbeiter_plz_ort', 2, 0, 0),
(25, 'fassung_bearbeiterzeichen', 1, 1, 0),
(25, 'aktenzeichen', 2, 0, 0),
(25, 'bezeichnung', 2, 0, 0),
(25, 'typus', 2, 0, 0),
(25, 'bearbeiterzeichen', 2, 0, 0),
(52, 'bearbeiter_namenszusatz', 2, 0, 0),
(25, 'ort', 2, 0, 0),
(52, 'bearbeiter_name', 2, 0, 0),
(25, 'bearbeiter', 1, 1, 0),
(25, 'bearbeiter_link', 1, 0, 0),
(25, 'bearbeiter_name', 1, 0, 0),
(25, 'regnummer', 2, 0, 0),
(25, 'bearbeiter_telefon', 2, 0, 0),
(25, 'bearbeiter_fax', 2, 0, 0),
(25, 'bearbeiter_namenszusatz', 2, 0, 0),
(52, 'bearbeiter_link', 2, 0, 0),
(52, 'bearbeiter_fax', 2, 0, 0),
(52, 'bearbeiter_email', 2, 0, 0),
(25, 'aktuell', 1, 1, 0),
(52, 'bearbeiterzeichen', 2, 1, 0),
(52, 'bearbeiter', 2, 1, 0),
(52, 'ausstellbehoerde_link', 2, 0, 0),
(25, 'regnummer', 1, 1, 0),
(52, 'ausstellbehoerde', 2, 1, 0),
(52, 'anlage_klasse', 2, 0, 0),
(25, 'bearbeiter_plz_ort', 1, 0, 0),
(25, 'bearbeiter_zimmer', 1, 0, 0),
(25, 'adressat_link', 2, 0, 0),
(25, 'adressat_strasse_hausnummer', 1, 0, 0),
(25, 'adressat_plz_ort', 1, 0, 0),
(25, 'adressat_namenszusatz', 2, 0, 0),
(25, 'adressat_strasse_hausnummer', 2, 0, 0),
(25, 'adressat_plz_ort', 2, 0, 0),
(25, 'wirksam', 1, 0, 0),
(25, 'adressat_link', 1, 0, 0),
(25, 'adressat_name', 1, 0, 0),
(25, 'adressat_namenszusatz', 1, 0, 0),
(25, 'fassung_auswahl', 2, 0, 0),
(52, 'anlage_id', 2, 1, 0),
(52, 'anlage_anzeige', 2, 1, 0),
(52, 'aktuell', 2, 1, 0),
(52, 'aktenzeichen', 2, 1, 0),
(25, 'datum', 2, 0, 0),
(52, 'adressat_strasse_hausnummer', 2, 0, 0),
(25, 'ausstellbehoerde', 1, 1, 0),
(25, 'stelle_id', 2, 0, 0),
(25, 'bearbeiter_zimmer', 2, 0, 0),
(25, 'adressat_name', 2, 0, 0),
(52, 'adressat_plz_ort', 2, 0, 0),
(52, 'adressat_namenszusatz', 2, 0, 0),
(25, 'nachfolger', 1, 1, 0),
(25, 'vorgaenger', 1, 1, 0),
(25, 'adressat_name', 5, 0, 0),
(25, 'adressat_namenszusatz', 5, 0, 0),
(25, 'adressat_strasse_hausnummer', 5, 0, 0),
(25, 'adressat_plz_ort', 5, 0, 0),
(25, 'bearbeiter', 5, 1, 0),
(25, 'bearbeiter_link', 5, 0, 0),
(25, 'bearbeiter_name', 5, 0, 0),
(25, 'bearbeiter_namenszusatz', 5, 0, 0),
(25, 'bearbeiter_strasse_hausnummer', 5, 0, 0),
(25, 'bearbeiter_plz_ort', 5, 0, 0),
(25, 'bearbeiter_zimmer', 5, 0, 0),
(25, 'bearbeiter_telefon', 5, 0, 0),
(25, 'bearbeiter_fax', 5, 0, 0),
(25, 'bearbeiter_email', 5, 0, 0),
(25, 'bezeichnung', 5, 0, 0),
(25, 'typus', 5, 1, 0),
(25, 'bearbeiterzeichen', 5, 1, 0),
(25, 'aktenzeichen', 5, 1, 0),
(25, 'regnummer', 5, 1, 0),
(25, 'bergamt_aktenzeichen', 5, 1, 0),
(25, 'ort', 5, 1, 0),
(25, 'datum', 5, 1, 0),
(25, 'fassung_auswahl', 5, 1, 0),
(25, 'fassung_nummer', 5, 1, 0),
(25, 'fassung_typus', 5, 1, 0),
(25, 'fassung_bearbeiterzeichen', 5, 1, 0),
(25, 'fassung_aktenzeichen', 5, 1, 0),
(34, 'id', 5, 0, 0),
(34, 'name', 5, 1, 0),
(45, 'abkuerzung', 5, 1, 0),
(45, 'id', 5, -1, 0),
(45, 'name', 5, 1, 0),
(33, 'bezeichnung', 1, 0, 0),
(33, 'freitext_art', 1, 1, 0),
(33, 'wirksam', 4, 0, 0),
(33, 'max_ent_wb', 2, 1, 0),
(33, 'bearbeiter_namenszusatz', 2, 0, 0),
(33, 'befristet_bis', 5, 0, 0),
(37, 'gewaesserbenutzung_link', 5, 0, 0),
(37, 'einheit', 5, 1, 0),
(37, 'wert', 5, 1, 0),
(37, 'name', 5, 1, 0),
(37, 'id', 5, 0, 0),
(47, 'id', 5, -1, 0),
(47, 'jahr', 5, 1, 0),
(47, 'name', 5, 1, 0),
(47, 'satz_gw', 5, 1, 0),
(47, 'satz_ow', 5, 1, 0),
(36, 'id', 5, 0, 0),
(36, 'name', 5, 1, 0),
(36, 'nummer', 5, 1, 0),
(16, 'bankname', 5, 1, 0),
(16, 'bic', 5, 1, 0),
(16, 'iban', 5, 1, 0),
(16, 'kassenzeichen', 5, 1, 0),
(16, 'konto_id', 5, -1, 0),
(16, 'name', 5, 1, 0),
(16, 'personenkonto', 5, 1, 0),
(16, 'verwendungszweck', 5, 1, 0),
(6, 'art', 5, 1, 0),
(6, 'id', 5, -1, 0),
(6, 'name', 5, 1, 0),
(42, 'id', 5, -1, 0),
(42, 'name', 5, 1, 0),
(43, 'id', 5, -1, 0),
(43, 'name', 5, 1, 0),
(40, 'id', 5, -1, 0),
(40, 'nummer', 5, 1, 0),
(30, 'id', 5, -1, 0),
(30, 'name', 5, 1, 0),
(30, 'the_geo', 5, 1, 0),
(10, 'id', 5, -1, 0),
(10, 'name', 5, 1, 0),
(11, 'id', 5, -1, 0),
(11, 'name', 5, 1, 0),
(13, 'id', 5, -1, 0),
(13, 'name', 5, 1, 0),
(46, 'art', 5, 1, 0),
(46, 'art_benutzung', 5, 1, 0),
(46, 'befreiungstatbestaende', 5, 1, 0),
(46, 'entgeltsatz', 5, 1, 0),
(46, 'gewaesserbenutzungen', 5, 1, 0),
(46, 'id', 5, -1, 0),
(46, 'mengenbestimmung', 5, 1, 0),
(46, 'teilgewaesserbenutzungen_art', 5, 1, 0),
(46, 'umfang', 5, 1, 0),
(46, 'wiedereinleitung_bearbeiter', 5, 1, 0),
(46, 'wiedereinleitung_nutzer', 5, 1, 0),
(46, 'zweck', 5, 1, 0),
(44, 'id', 5, -1, 0),
(44, 'name', 5, 1, 0),
(31, 'id', 5, -1, 0),
(31, 'name', 5, 1, 0),
(48, 'id', 5, -1, 0),
(48, 'name', 5, 1, 0),
(20, 'id', 5, -1, 0),
(20, 'name', 5, 1, 0),
(26, 'id', 5, -1, 0),
(26, 'name', 5, 1, 0),
(32, 'id', 5, -1, 0),
(32, 'name', 5, 1, 0),
(14, 'id', 5, -1, 0),
(14, 'name', 5, 1, 0),
(38, 'freigegeben', 4, 1, 0),
(38, 'wrz_link', 1, 0, 0),
(38, 'wrz_id', 1, 0, 0),
(38, 'id', 2, 0, 0),
(38, 'name', 2, 1, 0),
(38, 'gwb_id', 2, 1, 0),
(38, 'freigegeben', 2, 1, 0),
(38, 'anlage_link', 4, 0, 0),
(38, 'anlage_id', 4, 0, 0),
(38, 'anlage_link', 1, 0, 0),
(38, 'gewaesserbenutzungen_link', 2, 0, 0),
(38, 'id', 4, 0, 0),
(38, 'id', 1, 0, 0),
(38, 'freigegeben', 5, 1, 0),
(38, 'wrz_link', 5, 0, 0),
(38, 'wrz_id', 5, 0, 0),
(38, 'gewaesserbenutzungen_link', 5, 0, 0),
(38, 'id', 5, 0, 0),
(38, 'name', 4, 1, 0),
(38, 'gewaesserbenutzungen_link', 4, 0, 0),
(38, 'wrz_id', 4, 0, 0),
(38, 'anlage_link', 2, 0, 0),
(38, 'anlage_id', 2, 0, 0),
(38, 'bearbeiter_name', 1, 0, 0),
(38, 'anlage_klasse', 1, 0, 0),
(38, 'the_geo', 4, 1, 0),
(38, 'freigegeben', 1, 1, 0),
(38, 'the_geo', 1, 1, 0),
(33, 'stelle_name', 5, 0, 0),
(33, 'bearbeiter_strasse_hausnummer', 4, 0, 0),
(33, 'bearbeiter_plz_ort', 4, 0, 0),
(33, 'bearbeiter_zimmer', 4, 0, 0),
(33, 'bearbeiter_telefon', 4, 0, 0),
(33, 'adressat_plz_ort', 4, 0, 0),
(33, 'aktuell', 5, 0, 0),
(33, 'wirksam', 5, 0, 0),
(33, 'ungueltig_seit', 5, 0, 0),
(33, 'ungueltig_aufgrund', 5, 0, 0),
(33, 'datum_postausgang', 5, 0, 0),
(33, 'datum_bestand_mat', 5, 0, 0),
(33, 'datum_bestand_form', 5, 0, 0),
(33, 'dokument', 5, 0, 0),
(33, 'nachfolger', 5, 0, 0),
(33, 'adressat_strasse_hausnummer', 5, 0, 0),
(33, 'adressat_plz_ort', 5, 0, 0),
(33, 'bearbeiter', 5, 0, 0),
(33, 'bearbeiter_link', 5, 0, 0),
(33, 'adressat_namenszusatz', 5, 0, 0),
(33, 'ausstellbehoerde_link', 5, 0, 0),
(33, 'zustaendige_behoerde', 5, 0, 0),
(33, 'zustaendige_behoerde_link', 5, 0, 0),
(33, 'personen_id', 5, 0, 0),
(33, 'adressat_link', 5, 0, 0),
(33, 'adressat_name', 5, 0, 0),
(33, 'max_ent_wb_beschreib', 2, 1, 0),
(33, 'bearbeiter_email', 2, 0, 0),
(33, 'wrz_bezeichnung', 2, 0, 0),
(33, 'typus', 2, 0, 0),
(33, 'bearbeiterzeichen', 2, 0, 0),
(33, 'aktenzeichen', 2, 0, 0),
(33, 'regnummer', 2, 0, 0),
(33, 'bergamt_aktenzeichen', 2, 0, 0),
(33, 'ort', 2, 0, 0),
(33, 'datum', 2, 0, 0),
(33, 'fassung_auswahl', 2, 0, 0),
(33, 'fassung_nummer', 2, 0, 0),
(33, 'fassung_typus', 2, 0, 0),
(33, 'fassung_bearbeiterzeichen', 2, 0, 0),
(33, 'fassung_aktenzeichen', 2, 0, 0),
(33, 'adressat_namenszusatz', 2, 0, 0),
(33, 'anlage_anzeige', 2, 0, 0),
(33, 'anlage_id', 2, 0, 0),
(33, 'wrz_id', 2, 1, 0),
(33, 'wasserrechtliche_zulassungen_link', 2, 0, 0),
(33, 'ausstellbehoerde', 2, 0, 0),
(33, 'ausstellbehoerde_link', 2, 0, 0),
(33, 'zustaendige_behoerde', 2, 0, 0),
(33, 'zustaendige_behoerde_link', 2, 0, 0),
(33, 'personen_id', 2, 0, 0),
(33, 'adressat_link', 2, 0, 0),
(33, 'adressat_name', 2, 0, 0),
(33, 'datum', 4, 0, 0),
(33, 'fassung_auswahl', 4, 0, 0),
(33, 'aktenzeichen', 4, 0, 0),
(33, 'art', 4, 1, 0),
(33, 'bezeichnung', 4, 0, 0),
(33, 'datum_postausgang', 4, 0, 0),
(33, 'datum_bestand_mat', 4, 0, 0),
(33, 'datum_bestand_form', 4, 0, 0),
(33, 'dokument', 4, 0, 0),
(33, 'nachfolger', 4, 0, 0),
(33, 'vorgaenger', 4, 0, 0),
(33, 'wrz_freigegeben', 4, 0, 0),
(33, 'gwb_id', 4, 0, 0),
(33, 'kennnummer', 4, 1, 0),
(33, 'wasserbuchnummer', 4, 1, 0),
(33, 'zustaendige_behoerde_link', 4, 0, 0),
(33, 'personen_id', 4, 0, 0),
(33, 'adressat_link', 4, 0, 0),
(33, 'adressat_name', 4, 0, 0),
(33, 'zustaendige_behoerde', 4, 0, 0),
(33, 'anlage_anzeige', 4, 0, 0),
(33, 'anlage_id', 4, 0, 0),
(33, 'wrz_id', 4, 1, 0),
(33, 'wasserrechtliche_zulassungen_link', 4, 0, 0),
(33, 'ausstellbehoerde', 4, 0, 0),
(33, 'ausstellbehoerde_link', 4, 0, 0),
(33, 'fassung_auswahl', 1, 0, 0),
(33, 'fassung_nummer', 1, 0, 0),
(33, 'fassung_typus', 1, 0, 0),
(33, 'fassung_bearbeiterzeichen', 1, 0, 0),
(33, 'fassung_aktenzeichen', 1, 0, 0),
(33, 'fassung_datum', 1, 0, 0),
(33, 'gueltig_seit', 1, 0, 0),
(33, 'befristet_bis', 1, 0, 0),
(33, 'status', 1, 0, 0),
(33, 'adressat_link', 1, 0, 0),
(33, 'adressat_name', 1, 0, 0),
(33, 'adressat_namenszusatz', 1, 0, 0),
(33, 'adressat_strasse_hausnummer', 1, 0, 0),
(33, 'adressat_plz_ort', 1, 0, 0),
(33, 'bearbeiter', 1, 0, 0),
(33, 'bearbeiter_link', 1, 0, 0),
(33, 'bearbeiter_name', 1, 0, 0),
(33, 'bearbeiter_namenszusatz', 1, 0, 0),
(33, 'zustaendige_behoerde', 1, 0, 0),
(33, 'anlage_anzeige', 1, 0, 0),
(33, 'anlage_id', 1, 0, 0),
(33, 'wrz_id', 1, 1, 0),
(33, 'wasserrechtliche_zulassungen_link', 1, 0, 0),
(33, 'ausstellbehoerde', 1, 0, 0),
(33, 'ausstellbehoerde_link', 1, 0, 0),
(33, 'kennnummer', 5, 1, 0),
(33, 'wasserbuchnummer', 5, 1, 0),
(33, 'bearbeiter_email', 5, 0, 0),
(33, 'wrz_bezeichnung', 5, 0, 0),
(33, 'typus', 5, 0, 0),
(33, 'bearbeiterzeichen', 5, 0, 0),
(33, 'aktenzeichen', 5, 0, 0),
(33, 'regnummer', 5, 0, 0),
(33, 'bergamt_aktenzeichen', 5, 0, 0),
(33, 'ort', 5, 0, 0),
(33, 'freitext_zweck', 4, 1, 0),
(33, 'max_ent_wee', 2, 1, 0),
(33, 'ent_datum_bis', 2, 1, 0),
(33, 'wasserbuchnummer', 2, 1, 0),
(33, 'bezeichnung', 2, 0, 0),
(33, 'fassung_datum', 2, 0, 0),
(33, 'gueltig_seit', 2, 0, 0),
(33, 'befristet_bis', 2, 0, 0),
(33, 'status', 2, 0, 0),
(33, 'adressat_strasse_hausnummer', 2, 0, 0),
(33, 'adressat_plz_ort', 2, 0, 0),
(33, 'fassung_typus', 4, 0, 0),
(33, 'fassung_bearbeiterzeichen', 4, 0, 0),
(33, 'fassung_aktenzeichen', 4, 0, 0),
(33, 'fassung_datum', 4, 0, 0),
(33, 'gueltig_seit', 4, 0, 0),
(33, 'ent_datum_bis', 1, 1, 0),
(33, 'bearbeiter_telefon', 1, 0, 0),
(33, 'bearbeiter_fax', 1, 0, 0),
(33, 'bearbeiter_email', 1, 0, 0),
(33, 'wrz_bezeichnung', 1, 0, 0),
(33, 'typus', 1, 0, 0),
(33, 'bearbeiterzeichen', 1, 0, 0),
(33, 'aktenzeichen', 1, 0, 0),
(33, 'regnummer', 1, 0, 0),
(33, 'anlage_klasse', 5, 0, 0),
(33, 'anlage_anzeige', 5, 0, 0),
(33, 'anlage_id', 5, 0, 0),
(33, 'wrz_id', 5, 1, 0),
(33, 'wasserrechtliche_zulassungen_link', 5, 0, 0),
(33, 'ausstellbehoerde', 5, 0, 0),
(33, 'stelle_name', 2, 0, 0),
(33, 'gwb_id', 2, 0, 0),
(33, 'kennnummer', 2, 1, 0),
(33, 'bezeichnung', 5, 0, 0),
(33, 'ungueltig_aufgrund', 4, 0, 0),
(33, 'ungueltig_seit', 4, 0, 0),
(33, 'anlage_klasse', 4, 0, 0),
(25, 'nachfolger', 5, 1, 0),
(33, 'anlage_klasse', 1, 0, 0),
(33, 'datum', 5, 0, 0),
(33, 'fassung_auswahl', 5, 0, 0),
(33, 'max_ent_wee', 1, 1, 0),
(33, 'max_ent_wee_reduziert', 2, 1, 0),
(33, 'max_ent_wb', 5, 1, 0),
(33, 'max_ent_wee', 5, 1, 0),
(33, 'max_ent_wee_beschreib', 5, 1, 0),
(33, 'bearbeiter', 2, 0, 0),
(33, 'bearbeiter_link', 2, 0, 0),
(33, 'gewaesserbenutzung_bearbeiter_name', 1, 0, 0),
(33, 'max_ent_wee_beschreib', 4, 1, 0),
(33, 'max_ent_wee_reduziert', 4, 1, 0),
(33, 'max_ent_wb', 4, 1, 0),
(33, 'freitext_zweck', 1, 1, 0),
(33, 'zweck', 1, 1, 0),
(33, 'ent_wb_alt', 1, 1, 0),
(33, 'ent_datum_von', 1, 1, 0),
(33, 'freitext_art', 4, 1, 0),
(33, 'freigegeben', 5, 1, 0),
(33, 'max_ent_wb_beschreib', 5, 1, 0),
(33, 'bearbeiter_name', 2, 0, 0),
(33, 'art', 5, 1, 0),
(33, 'freitext_zweck', 5, 1, 0),
(33, 'gewaesserbenutzung_bearbeiter_id', 2, 0, 0),
(33, 'zweck', 2, 1, 0),
(33, 'ent_wb_alt', 2, 1, 0),
(38, 'anlage_klasse', 2, 0, 0),
(38, 'anlage_klasse', 5, 0, 0),
(38, 'anlage_klasse', 4, 0, 0),
(50, 'abkuerzung', 5, 1, 0),
(38, 'wrz_link', 2, 0, 0),
(38, 'anlage_id', 1, 0, 0),
(51, 'abkuerzung', 5, 1, 0),
(51, 'id', 5, 0, 0),
(51, 'abkuerzung', 2, 1, 0),
(51, 'id', 2, 0, 0),
(51, 'abkuerzung', 4, 1, 0),
(51, 'id', 4, 0, 0),
(51, 'abkuerzung', 1, 1, 0),
(51, 'id', 1, 0, 0),
(51, 'name', 5, 1, 0),
(51, 'name', 2, 1, 0),
(51, 'name', 4, 1, 0),
(51, 'name', 1, 1, 0),
(51, 'beschreibung', 5, 1, 0),
(51, 'beschreibung', 2, 1, 0),
(51, 'beschreibung', 4, 1, 0),
(51, 'beschreibung', 1, 1, 0),
(50, 'id', 5, 0, 0),
(50, 'name', 5, 1, 0),
(50, 'abkuerzung', 1, 1, 0),
(50, 'id', 1, 0, 0),
(50, 'name', 1, 1, 0),
(25, 'fassung_datum', 5, 1, 0),
(33, 'max_ent_wb', 1, 1, 0),
(33, 'bergamt_aktenzeichen', 1, 0, 0),
(25, 'ausstellbehoerde', 5, 1, 0),
(25, 'ausstellbehoerde_link', 5, 0, 0),
(25, 'zustaendige_behoerde', 5, 1, 0),
(25, 'bearbeiter_email', 2, 0, 0),
(25, 'personen_id', 2, 0, 0),
(25, 'bearbeiterzeichen', 1, 1, 0),
(25, 'aktenzeichen', 1, 1, 0),
(25, 'freigegeben', 5, 1, 0),
(25, 'wrz_bearbeiter_name', 5, 0, 0),
(25, 'gueltig_seit', 5, 1, 0),
(25, 'befristet_bis', 5, 1, 0),
(25, 'status', 5, 1, 0),
(25, 'aktuell', 5, 1, 0),
(25, 'fassung_typus', 2, 0, 0),
(25, 'wrz_bearbeiter_name', 1, 0, 0),
(25, 'datum_bestand_mat', 5, 1, 0),
(25, 'bearbeiter_link', 2, 0, 0),
(25, 'fassung_datum', 1, 1, 0),
(25, 'ungueltig_aufgrund', 5, 1, 0),
(25, 'bearbeiter_name', 2, 0, 0),
(17, 'aktuell', 1, 1, 0),
(17, 'konto_id', 4, 1, 0),
(33, 'gewaesserbenutzung_bearbeiter_name', 5, 0, 0),
(33, 'fassung_typus', 5, 0, 0),
(33, 'fassung_bearbeiterzeichen', 5, 0, 0),
(33, 'bearbeiter_strasse_hausnummer', 2, 0, 0),
(33, 'bearbeiter_plz_ort', 2, 0, 0),
(33, 'bearbeiter_zimmer', 2, 0, 0),
(33, 'bearbeiter_telefon', 5, 0, 0),
(33, 'bearbeiter_name', 5, 0, 0),
(33, 'ent_datum_von', 4, 1, 0),
(33, 'ent_wb_alt', 4, 1, 0),
(33, 'max_ent_wee_beschreib', 1, 1, 0),
(33, 'aktuell', 1, 0, 0),
(33, 'ent_datum_von', 2, 1, 0),
(33, 'art', 2, 1, 0),
(33, 'freitext_art', 2, 1, 0),
(33, 'aktuell', 4, 0, 0),
(2, 'trinkwasser_koerperschaft', 2, 1, 0),
(2, 'zustaend_stalu', 2, 1, 0),
(2, 'betreiber', 5, 1, 0),
(2, 'the_geom', 4, 1, 0),
(25, 'stelle_id', 5, 0, 0),
(25, 'wrz_id', 5, 0, 0),
(25, 'anlage_anzeige', 5, 1, 0),
(25, 'zustaendige_behoerde_link', 2, 0, 0),
(25, 'datum', 4, 0, 0),
(52, 'adressat_name', 2, 0, 0),
(52, 'adressat_link', 2, 0, 0),
(25, 'freigegeben', 1, 1, 0),
(25, 'wrz_wid', 1, 0, 0),
(25, 'datum_postausgang', 5, 1, 0),
(25, 'personen_id', 5, 1, 0),
(25, 'anlage_anzeige', 1, 1, 0),
(25, 'wrz_id', 1, 0, 0),
(25, 'fassung_auswahl', 4, 0, 0),
(25, 'fassung_nummer', 4, 0, 0),
(25, 'ausstellbehoerde_link', 4, 0, 0),
(25, 'zustaendige_behoerde_link', 1, 0, 0),
(25, 'personen_id', 1, 1, 0),
(33, 'gewaesserbenutzungen_lage', 5, 0, 0),
(33, 'gewaesserbenutzungen_umfang', 5, 0, 0),
(33, 'stelle_id', 2, 0, 0),
(33, 'bearbeitungs_datum', 2, 0, 0),
(33, 'gewaesserbenutzungen_lage', 2, 0, 0),
(33, 'gewaesserbenutzungen_umfang', 2, 0, 0),
(33, 'max_ent_wb_beschreib', 4, 1, 0),
(33, 'freigegeben', 4, 1, 0),
(33, 'gewaesserbenutzung_bearbeiter_name', 4, 0, 0),
(33, 'gewaesserbenutzung_bearbeiter_id', 4, 0, 0),
(33, 'stelle_name', 4, 0, 0),
(33, 'stelle_id', 4, 0, 0),
(33, 'bearbeitungs_datum', 4, 0, 0),
(33, 'gewaesserbenutzungen_lage', 4, 0, 0),
(33, 'gewaesserbenutzungen_umfang', 4, 0, 0),
(33, 'stelle_name', 1, 0, 0),
(33, 'stelle_id', 1, 0, 0),
(33, 'bearbeitungs_datum', 1, 0, 0),
(33, 'gewaesserbenutzungen_lage', 1, 0, 0),
(33, 'gewaesserbenutzungen_umfang', 1, 0, 0),
(9, 'wrzadressat', 5, 1, 0),
(9, 'wrzrechtsnachfolger', 5, 1, 0),
(9, 'betreiber', 5, 0, 0),
(9, 'trinkwasser_koerperschaft', 4, 1, 0),
(9, 'weeerklaerer', 4, 1, 0),
(9, 'kommentar', 4, 1, 0),
(9, 'bearbeitungs_datum', 1, 0, 0),
(9, 'betreiber_id', 1, 1, 0),
(9, 'weeerklaerer', 5, 1, 0),
(9, 'betreiber_id', 2, 1, 0),
(9, 'personen_id', 2, 0, 0),
(9, 'bearbeiter_name', 4, 0, 0),
(9, 'per_wrz_ben', 5, 1, 0),
(9, 'aktuell', 2, 0, 0),
(9, 'stelle_id', 2, 0, 0),
(38, 'bearbeiter_name', 5, 0, 0),
(38, 'bearbeiter_id', 5, 0, 0),
(38, 'stelle_name', 5, 0, 0),
(38, 'stelle_id', 5, 0, 0),
(38, 'bearbeitungs_datum', 5, 0, 0),
(38, 'bearbeiter_name', 2, 0, 0),
(38, 'bearbeiter_id', 2, 0, 0),
(38, 'stelle_name', 2, 0, 0),
(38, 'stelle_id', 2, 0, 0),
(38, 'bearbeitungs_datum', 2, 0, 0),
(38, 'bearbeiter_name', 4, 0, 0),
(38, 'bearbeiter_id', 4, 0, 0),
(38, 'stelle_name', 4, 0, 0),
(38, 'stelle_id', 4, 0, 0),
(38, 'bearbeitungs_datum', 4, 0, 0),
(38, 'bearbeiter_id', 1, 0, 0),
(38, 'stelle_name', 1, 0, 0),
(38, 'stelle_id', 1, 0, 0),
(38, 'bearbeitungs_datum', 1, 0, 0),
(37, 'einheit', 2, 1, 0),
(37, 'einheit', 4, 1, 0),
(37, 'gwb_id', 5, 1, 0),
(37, 'gwb_id', 2, 1, 0),
(37, 'gwb_id', 4, 1, 0),
(37, 'gwb_id', 1, 1, 0),
(52, 'fassung_aktenzeichen', 5, 1, 0),
(52, 'fassung_bearbeiterzeichen', 5, 1, 0),
(52, 'fassung_typus', 5, 1, 0),
(52, 'fassung_nummer', 5, 1, 0),
(52, 'fassung_auswahl', 5, 1, 0),
(52, 'datum', 5, 1, 0),
(52, 'ort', 5, 1, 0),
(52, 'bergamt_aktenzeichen', 5, 1, 0),
(52, 'regnummer', 5, 1, 0),
(52, 'aktenzeichen', 5, 1, 0),
(52, 'bearbeiterzeichen', 5, 1, 0),
(52, 'typus', 5, 1, 0),
(52, 'bezeichnung', 5, 0, 0),
(52, 'bearbeiter_email', 5, 0, 0),
(52, 'bearbeiter_fax', 5, 0, 0),
(52, 'bearbeiter_telefon', 5, 0, 0),
(52, 'bearbeiter_zimmer', 5, 0, 0),
(52, 'bearbeiter_plz_ort', 5, 0, 0),
(52, 'bearbeiter_strasse_hausnummer', 5, 0, 0),
(52, 'bearbeiter_namenszusatz', 5, 0, 0),
(52, 'bearbeiter_name', 5, 0, 0),
(52, 'bearbeiter_link', 5, 0, 0),
(52, 'bearbeiter', 5, 1, 0),
(52, 'adressat_plz_ort', 5, 0, 0),
(52, 'adressat_strasse_hausnummer', 5, 0, 0),
(52, 'adressat_namenszusatz', 5, 0, 0),
(52, 'adressat_name', 5, 0, 0),
(52, 'adressat_link', 5, 0, 0),
(52, 'personen_id', 5, 1, 0),
(52, 'zustaendige_behoerde_link', 5, 0, 0),
(52, 'zustaendige_behoerde', 5, 1, 0),
(52, 'ausstellbehoerde_link', 5, 0, 0),
(52, 'ausstellbehoerde', 5, 1, 0),
(52, 'wrz_wid', 5, 0, 0),
(52, 'wrz_id', 5, 0, 0),
(52, 'anlage_anzeige', 5, 1, 0),
(52, 'anlage_id', 5, 1, 0),
(52, 'anlage_klasse', 5, 0, 0),
(25, 'status', 4, 0, 0),
(25, 'aktuell', 4, 0, 0),
(25, 'wirksam', 4, 0, 0),
(25, 'fassung_datum', 4, 0, 0),
(25, 'gueltig_seit', 4, 0, 0),
(25, 'befristet_bis', 4, 0, 0),
(25, 'fassung_typus', 4, 0, 0),
(25, 'fassung_bearbeiterzeichen', 4, 0, 0),
(25, 'bearbeiter_zimmer', 4, 0, 0),
(25, 'bearbeiter_telefon', 4, 0, 0),
(25, 'bearbeiter_fax', 4, 0, 0),
(25, 'bearbeiter_email', 4, 0, 0),
(25, 'bezeichnung', 4, 0, 0),
(25, 'typus', 4, 0, 0),
(25, 'bearbeiterzeichen', 4, 0, 0),
(25, 'aktenzeichen', 4, 0, 0),
(25, 'regnummer', 4, 0, 0),
(25, 'bergamt_aktenzeichen', 4, 0, 0),
(25, 'ort', 4, 0, 0),
(25, 'bearbeiter_plz_ort', 4, 0, 0),
(25, 'adressat_name', 4, 0, 0),
(25, 'adressat_namenszusatz', 4, 0, 0),
(25, 'adressat_strasse_hausnummer', 4, 0, 0),
(25, 'adressat_plz_ort', 4, 0, 0),
(25, 'bearbeiter', 4, 0, 0),
(25, 'bearbeiter_link', 4, 0, 0),
(25, 'bearbeiter_name', 4, 0, 0),
(25, 'bearbeiter_namenszusatz', 4, 0, 0),
(25, 'bearbeiter_strasse_hausnummer', 4, 0, 0),
(52, 'zustaendige_behoerde', 2, 1, 0),
(52, 'zustaendige_behoerde_link', 2, 0, 0),
(25, 'datum_bestand_mat', 2, 0, 0),
(25, 'datum_postausgang', 2, 0, 0),
(25, 'adressat_link', 4, 0, 0),
(25, 'zustaendige_behoerde', 4, 0, 0),
(25, 'zustaendige_behoerde_link', 4, 0, 0),
(25, 'personen_id', 4, 0, 0),
(52, 'gueltig_seit', 4, 1, 0),
(52, 'fassung_datum', 4, 1, 0),
(52, 'fassung_aktenzeichen', 4, 1, 0),
(52, 'fassung_bearbeiterzeichen', 4, 1, 0),
(52, 'fassung_typus', 4, 1, 0),
(52, 'fassung_nummer', 4, 1, 0),
(52, 'fassung_auswahl', 4, 1, 0),
(52, 'datum', 4, 1, 0),
(52, 'ort', 4, 1, 0),
(52, 'bergamt_aktenzeichen', 4, 1, 0),
(52, 'regnummer', 4, 1, 0),
(52, 'aktenzeichen', 4, 1, 0),
(52, 'bearbeiterzeichen', 4, 1, 0),
(52, 'typus', 4, 1, 0),
(52, 'bezeichnung', 4, 0, 0),
(52, 'bearbeiter_email', 4, 0, 0),
(52, 'bearbeiter_fax', 4, 0, 0),
(52, 'bearbeiter_telefon', 4, 0, 0),
(52, 'bearbeiter_zimmer', 4, 0, 0),
(52, 'bearbeiter_plz_ort', 4, 0, 0),
(52, 'bearbeiter_strasse_hausnummer', 4, 0, 0),
(52, 'bearbeiter_namenszusatz', 4, 0, 0),
(52, 'bearbeiter_name', 4, 0, 0),
(52, 'bearbeiter_link', 4, 0, 0),
(52, 'bearbeiter', 4, 1, 0),
(52, 'adressat_plz_ort', 4, 0, 0),
(52, 'adressat_strasse_hausnummer', 4, 0, 0),
(52, 'adressat_namenszusatz', 4, 0, 0),
(52, 'adressat_name', 4, 0, 0),
(52, 'adressat_link', 4, 0, 0),
(52, 'personen_id', 4, 1, 0),
(52, 'zustaendige_behoerde_link', 4, 0, 0),
(52, 'zustaendige_behoerde', 4, 1, 0),
(52, 'ausstellbehoerde_link', 4, 0, 0),
(52, 'ausstellbehoerde', 4, 1, 0),
(52, 'wrz_wid', 4, 0, 0),
(52, 'wrz_id', 4, 0, 0),
(52, 'anlage_anzeige', 4, 1, 0),
(52, 'anlage_id', 4, 1, 0),
(52, 'anlage_klasse', 4, 0, 0),
(52, 'gueltig_seit', 1, 1, 0),
(52, 'fassung_datum', 1, 1, 0),
(52, 'fassung_aktenzeichen', 1, 1, 0),
(52, 'fassung_bearbeiterzeichen', 1, 1, 0),
(52, 'fassung_typus', 1, 1, 0),
(52, 'fassung_nummer', 1, 1, 0),
(52, 'fassung_auswahl', 1, 1, 0),
(52, 'datum', 1, 1, 0),
(52, 'ort', 1, 1, 0),
(52, 'bergamt_aktenzeichen', 1, 1, 0),
(52, 'regnummer', 1, 1, 0),
(52, 'aktenzeichen', 1, 1, 0),
(52, 'bearbeiterzeichen', 1, 1, 0),
(52, 'typus', 1, 1, 0),
(52, 'bezeichnung', 1, 0, 0),
(52, 'bearbeiter_email', 1, 0, 0),
(52, 'bearbeiter_fax', 1, 0, 0),
(52, 'bearbeiter_telefon', 1, 0, 0),
(52, 'bearbeiter_zimmer', 1, 0, 0),
(52, 'bearbeiter_plz_ort', 1, 0, 0),
(52, 'bearbeiter_strasse_hausnummer', 1, 0, 0),
(52, 'bearbeiter_namenszusatz', 1, 0, 0),
(52, 'bearbeiter_name', 1, 0, 0),
(52, 'bearbeiter_link', 1, 0, 0),
(52, 'bearbeiter', 1, 1, 0),
(52, 'adressat_plz_ort', 1, 0, 0),
(52, 'adressat_strasse_hausnummer', 1, 0, 0),
(52, 'adressat_namenszusatz', 1, 0, 0),
(52, 'adressat_name', 1, 0, 0),
(52, 'adressat_link', 1, 0, 0),
(52, 'personen_id', 1, 1, 0),
(52, 'zustaendige_behoerde_link', 1, 0, 0),
(52, 'zustaendige_behoerde', 1, 1, 0),
(52, 'ausstellbehoerde_link', 1, 0, 0),
(52, 'ausstellbehoerde', 1, 1, 0),
(52, 'wrz_wid', 1, 0, 0),
(52, 'wrz_id', 1, 0, 0),
(52, 'anlage_anzeige', 1, 1, 0),
(52, 'anlage_id', 1, 1, 0),
(52, 'anlage_klasse', 1, 0, 0),
(52, 'befristet_bis', 5, 1, 0),
(52, 'status', 5, 1, 0),
(52, 'aktuell', 5, 1, 0),
(52, 'wirksam', 5, 0, 0),
(52, 'ungueltig_seit', 5, 1, 0),
(52, 'ungueltig_aufgrund', 5, 1, 0),
(52, 'datum_postausgang', 5, 1, 0),
(52, 'datum_bestand_mat', 5, 1, 0),
(52, 'datum_bestand_form', 5, 1, 0),
(52, 'dokument', 5, 1, 0),
(52, 'nachfolger', 5, 1, 0),
(52, 'vorgaenger', 5, 1, 0),
(52, 'freigegeben', 5, 1, 0),
(52, 'wrz_bearbeiter_name', 5, 0, 0),
(52, 'wrz_bearbeiter_id', 5, 0, 0),
(52, 'stelle_name', 5, 0, 0),
(52, 'stelle_id', 5, 0, 0),
(52, 'bearbeitungs_datum', 5, 0, 0),
(52, 'wrz_ben', 5, 0, 0),
(25, 'stelle_name', 4, 0, 0),
(25, 'stelle_id', 4, 0, 0),
(25, 'freigegeben', 4, 0, 0),
(25, 'vorgaenger', 4, 0, 0),
(25, 'nachfolger', 4, 0, 0),
(25, 'dokument', 4, 0, 0),
(25, 'datum_bestand_mat', 4, 0, 0),
(25, 'datum_bestand_form', 4, 0, 0),
(25, 'ungueltig_seit', 4, 1, 0),
(25, 'ungueltig_aufgrund', 4, 0, 0),
(25, 'datum_postausgang', 4, 0, 0),
(52, 'befristet_bis', 4, 1, 0),
(52, 'status', 4, 1, 0),
(52, 'aktuell', 4, 1, 0),
(52, 'wirksam', 4, 0, 0),
(52, 'ungueltig_seit', 4, 1, 0),
(52, 'ungueltig_aufgrund', 4, 1, 0),
(52, 'datum_postausgang', 4, 1, 0),
(52, 'datum_bestand_mat', 4, 1, 0),
(52, 'datum_bestand_form', 4, 1, 0),
(52, 'dokument', 4, 1, 0),
(52, 'nachfolger', 4, 1, 0),
(52, 'vorgaenger', 4, 1, 0),
(52, 'freigegeben', 4, 1, 0),
(52, 'wrz_bearbeiter_name', 4, 0, 0),
(52, 'wrz_bearbeiter_id', 4, 0, 0),
(52, 'stelle_name', 4, 0, 0),
(52, 'stelle_id', 4, 0, 0),
(52, 'bearbeitungs_datum', 4, 0, 0),
(52, 'wrz_ben', 4, 0, 0),
(52, 'befristet_bis', 1, 1, 0),
(52, 'status', 1, 1, 0),
(52, 'aktuell', 1, 1, 0),
(52, 'wirksam', 1, 0, 0),
(52, 'ungueltig_seit', 1, 1, 0),
(52, 'ungueltig_aufgrund', 1, 1, 0),
(52, 'datum_postausgang', 1, 1, 0),
(52, 'datum_bestand_mat', 1, 1, 0),
(52, 'datum_bestand_form', 1, 1, 0),
(52, 'dokument', 1, 1, 0),
(52, 'nachfolger', 1, 1, 0),
(52, 'vorgaenger', 1, 1, 0),
(52, 'freigegeben', 1, 1, 0),
(52, 'wrz_bearbeiter_name', 1, 0, 0),
(52, 'wrz_bearbeiter_id', 1, 0, 0),
(52, 'stelle_name', 1, 0, 0),
(52, 'stelle_id', 1, 0, 0),
(52, 'bearbeitungs_datum', 1, 0, 0),
(52, 'wrz_ben', 1, 0, 0),
(25, 'wrz_bearbeiter_name', 4, 0, 0),
(25, 'wrz_bearbeiter_id', 4, 0, 0),
(25, 'anlage_anzeige', 4, 0, 0),
(25, 'wrz_id', 4, 0, 0),
(25, 'wrz_wid', 4, 0, 0),
(25, 'ausstellbehoerde', 4, 0, 0),
(25, 'wrz_wid', 5, 0, 0),
(25, 'bearbeitungs_datum', 2, 0, 0),
(25, 'wrz_ben', 2, 0, 0),
(25, 'wrz_ben', 4, 0, 0),
(25, 'bearbeitungs_datum', 1, 0, 0),
(25, 'wrz_ben', 1, 0, 0);

-- --------------------------------------------------------
--
-- Dumping data for table `stelle`
--

INSERT INTO `stelle` (`ID`, `Bezeichnung`, `Bezeichnung_low-german`, `Bezeichnung_english`, `Bezeichnung_polish`, `Bezeichnung_vietnamese`, `start`, `stop`, `minxmax`, `minymax`, `maxxmax`, `maxymax`, `epsg_code`, `Referenzkarte_ID`, `Authentifizierung`, `ALB_status`, `wappen`, `wappen_link`, `alb_raumbezug`, `alb_raumbezug_wert`, `logconsume`, `pgdbhost`, `pgdbname`, `pgdbuser`, `pgdbpasswd`, `ows_title`, `wms_accessconstraints`, `ows_abstract`, `ows_contactperson`, `ows_contactorganization`, `ows_contactemailaddress`, `ows_contactposition`, `ows_fees`, `ows_srs`, `check_client_ip`, `check_password_age`, `allowed_password_age`, `use_layer_aliases`, `selectable_layer_params`, `hist_timestamp`, `default_user_id`) VALUES
(1, 'SystemAdministration', NULL, NULL, NULL, NULL, '0000-00-00', '0000-00-00', 201165, 5867815, 477900, 6081468, '25833', 1, '1', '30', 'Logo_GDI-Service_200x47.png', '', '', '', NULL, 'localhost', '', '', '', '', '', '', '', '', '', '', '', '', '0', '0', 6, '0', '', 0, NULL),
(2, 'Dateneingeber', NULL, NULL, NULL, NULL, '0000-00-00', '0000-00-00', 201165, 5867815, 477900, 6081468, '25833', 1, '1', '30', 'logo_lung.jpg', '', '', '', NULL, 'localhost', '', '', '', '', '', '', '', '', '', '', '', '', '0', '0', 6, '0', '', 0, NULL),
(4, 'Entscheider', NULL, NULL, NULL, NULL, '0000-00-00', '0000-00-00', 201165, 5867815, 477900, 6081468, '25833', 1, '1', '30', 'logo_lung.jpg', '', '', '', NULL, 'localhost', '', '', '', '', '', '', '', '', '', '', '', '', '0', '0', 6, '0', '', 0, NULL),
(5, 'Administration', NULL, NULL, NULL, NULL, '0000-00-00', '0000-00-00', 201165, 5867815, 477900, 6081468, '25833', 1, '1', '30', 'Logo_GDI-Service_200x47.png', '', '', '', NULL, 'localhost', '', '', '', '', '', '', '', '', '', '', '', '', '0', '0', 6, '0', '', 0, NULL);
